2,0,-95
2,0,-101
2,0,-104
2,0,-91
2,0,-93
2,0,-92
2,0,-93
2,0,-92
2,0,-95
2,0,-92
2,0,-96
2,0,-99
2,0,-94
2,0,-95
2,0,-94
2,0,-97
2,0,-92
2,0,-93
2,0,-91
2,0,-99
2,0,-97
2,0,-99
2,0,-103
2,0,-99
2,0,-98
2,0,-99
2,0,-94
2,0,-99
2,0,-95
2,0,-96
2,0,-95
2,0,-95
2,0,-93
2,0,-94
2,0,-92
2,0,-95
2,0,-92
2,0,-92
2,0,-91
2,0,-95
2,0,-94
2,0,-102
2,0,-102
2,0,-100
2,0,-104
2,0,-96
2,0,-100
2,0,-100
2,0,-97
2,0,-96
2,0,-97
2,0,-97
2,0,-98
2,0,-100
2,0,-98
2,0,-105
2,0,-98
2,0,-95
2,0,-88
2,0,-97
2,0,-94
2,0,-91
2,0,-97
2,0,-90
2,0,-88
2,0,-91
2,0,-89
2,0,-90
2,0,-91
2,0,-90
2,0,-91
2,0,-92
2,0,-92
2,0,-94
2,0,-94
2,0,-93
2,0,-93
2,0,-93
2,0,-92
2,0,-91
2,0,-92
2,0,-91
2,0,-91
2,0,-92
2,0,-95
2,0,-92
2,0,-92
2,0,-92
2,0,-93
2,0,-91
2,0,-91
2,0,-93
2,0,-94
2,0,-92
2,0,-93
2,0,-94
2,0,-91
2,0,-92
2,0,-91
2,0,-91
2,0,-93
2,0,-91
2,0,-91
2,0,-92
2,0,-92
2,0,-91
2,0,-91
2,0,-90
2,0,-91
2,0,-92
2,0,-92
2,0,-91
2,0,-96
2,0,-94
2,0,-91
2,0,-92
2,0,-91
2,0,-91
2,0,-95
2,0,-99
2,0,-93
2,0,-93
2,0,-92
2,0,-94
2,0,-94
2,0,-93
2,0,-96
2,0,-90
2,0,-93
2,0,-93
2,0,-94
2,0,-93
2,0,-95
2,0,-96
2,0,-94
2,0,-96
2,0,-96
2,0,-94
2,0,-94
2,0,-96
2,0,-94
2,0,-95
2,0,-94
2,0,-93
2,0,-94
2,0,-92
2,0,-91
2,0,-94
2,0,-95
2,0,-93
2,0,-95
2,0,-94
2,0,-96
2,0,-92
2,0,-92
2,0,-94
2,0,-92
2,0,-93
2,0,-92
2,0,-94
2,0,-94
2,0,-101
2,0,-97
2,0,-100
2,0,-101
2,0,-98
2,0,-98
2,0,-92
2,0,-92
2,0,-92
2,0,-93
2,0,-90
2,0,-90
2,0,-88
2,0,-90
2,0,-91
2,0,-92
2,0,-93
2,0,-92
2,0,-90
2,0,-93
2,0,-93
2,0,-91
2,0,-91
2,0,-90
2,0,-90
2,0,-92
2,0,-90
2,0,-90
2,0,-88
2,0,-91
2,0,-91
2,0,-91
2,0,-93
2,0,-92
2,0,-91
2,0,-93
2,0,-92
2,0,-95
2,0,-91
2,0,-91
2,0,-90
2,0,-95
2,0,-91
2,0,-92
2,0,-93
2,0,-92
2,0,-91
2,0,-90
2,0,-91
2,0,-90
2,0,-91
2,0,-90
2,0,-90
2,0,-90
2,0,-92
2,0,-93
2,0,-92
2,0,-93
2,0,-89
2,0,-89
2,0,-93
3,0,-110
3,0,-109
3,0,-109
3,0,-109
3,0,-109
3,0,-109
3,0,-109
3,0,-110
3,0,-109
3,0,-112
3,0,-111
3,0,-111
3,0,-112
3,0,-111
3,0,-107
3,0,-109
3,0,-108
3,0,-108
3,0,-108
3,0,-109
3,0,-110
3,0,-109
3,0,-108
3,0,-109
3,0,-109
3,0,-111
3,0,-109
3,0,-110
3,0,-110
3,0,-110
3,0,-109
3,0,-110
3,0,-110
3,0,-108
3,0,-109
3,0,-110
3,0,-109
3,0,-109
3,0,-108
3,0,-108
3,0,-108
3,0,-108
3,0,-108
3,0,-107
3,0,-110
3,0,-108
3,0,-108
3,0,-108
3,0,-109
3,0,-109
3,0,-109
3,0,-106
3,0,-107
3,0,-107
3,0,-107
3,0,-108
3,0,-108
3,0,-108
3,0,-108
3,0,-107
3,0,-108
3,0,-107
3,0,-108
3,0,-107
3,0,-107
3,0,-109
3,0,-108
3,0,-107
3,0,-108
3,0,-107
3,0,-108
3,0,-107
3,0,-108
3,0,-106
3,0,-107
3,0,-110
3,0,-109
3,0,-109
3,0,-110
3,0,-109
3,0,-110
3,0,-110
3,0,-110
3,0,-110
3,0,-109
3,0,-109
3,0,-111
3,0,-109
3,0,-111
3,0,-111
3,0,-111
3,0,-110
3,0,-109
3,0,-109
3,0,-108
3,0,-110
3,0,-109
3,0,-109
3,0,-110
3,0,-111
3,0,-108
3,0,-108
3,0,-108
3,0,-110
3,0,-109
3,0,-108
3,0,-108
3,0,-109
3,0,-109
3,0,-108
3,0,-109
3,0,-108
3,0,-109
3,0,-110
3,0,-109
3,0,-110
3,0,-110
3,0,-109
3,0,-109
3,0,-108
3,0,-108
3,0,-107
3,0,-109
3,0,-110
3,0,-110
3,0,-110
3,0,-110
3,0,-109
3,0,-108
3,0,-108
3,0,-110
3,0,-108
3,0,-110
3,0,-108
3,0,-110
3,0,-110
3,0,-110
3,0,-110
3,0,-109
3,0,-109
3,0,-109
3,0,-110
3,0,-111
3,0,-111
3,0,-110
3,0,-110
3,0,-111
3,0,-110
3,0,-110
3,0,-110
3,0,-109
3,0,-110
3,0,-110
3,0,-109
3,0,-109
3,0,-109
3,0,-110
3,0,-111
3,0,-110
3,0,-112
3,0,-112
3,0,-111
3,0,-111
4,0,-57
4,0,-57
4,0,-57
4,0,-58
4,0,-57
4,0,-56
4,0,-57
4,0,-58
4,0,-56
4,0,-56
4,0,-56
4,0,-57
4,0,-56
4,0,-56
4,0,-56
4,0,-57
4,0,-57
4,0,-57
4,0,-57
4,0,-57
4,0,-57
4,0,-58
4,0,-58
4,0,-58
4,0,-59
4,0,-58
4,0,-57
4,0,-57
4,0,-58
4,0,-58
4,0,-56
4,0,-57
4,0,-57
4,0,-57
4,0,-57
4,0,-57
4,0,-59
4,0,-56
4,0,-56
4,0,-56
4,0,-57
4,0,-57
4,0,-56
4,0,-56
4,0,-57
4,0,-57
4,0,-56
4,0,-57
4,0,-56
4,0,-56
4,0,-57
4,0,-57
4,0,-57
4,0,-56
4,0,-57
4,0,-57
4,0,-57
4,0,-56
4,0,-57
4,0,-57
4,0,-57
4,0,-57
4,0,-56
4,0,-56
4,0,-56
4,0,-56
4,0,-56
4,0,-57
4,0,-56
4,0,-57
4,0,-56
4,0,-57
4,0,-57
4,0,-57
4,0,-57
4,0,-56
4,0,-56
4,0,-56
4,0,-57
4,0,-57
4,0,-57
4,0,-56
4,0,-56
4,0,-57
4,0,-56
4,0,-56
4,0,-56
4,0,-56
4,0,-56
4,0,-57
4,0,-56
4,0,-56
4,0,-56
4,0,-56
4,0,-56
4,0,-56
4,0,-57
4,0,-56
4,0,-57
4,0,-57
4,0,-58
4,0,-58
4,0,-58
4,0,-58
4,0,-57
4,0,-58
4,0,-59
4,0,-58
4,0,-59
4,0,-59
4,0,-56
4,0,-58
4,0,-57
4,0,-57
4,0,-58
4,0,-57
4,0,-57
4,0,-57
4,0,-57
4,0,-57
4,0,-58
4,0,-58
4,0,-58
4,0,-58
4,0,-58
4,0,-57
4,0,-58
4,0,-57
4,0,-56
4,0,-57
4,0,-57
4,0,-56
4,0,-56
4,0,-56
4,0,-56
4,0,-56
4,0,-56
4,0,-56
4,0,-56
4,0,-56
4,0,-57
4,0,-57
4,0,-58
4,0,-58
4,0,-57
4,0,-58
4,0,-58
4,0,-58
4,0,-58
4,0,-57
4,0,-57
4,0,-57
4,0,-56
4,0,-56
4,0,-57
4,0,-56
4,0,-57
4,0,-58
4,0,-57
4,0,-56
4,0,-56
4,0,-56
4,0,-56
4,0,-56
4,0,-57
4,0,-57
4,0,-57
4,0,-57
4,0,-57
4,0,-57
4,0,-57
5,0,-66
5,0,-67
5,0,-67
5,0,-67
5,0,-66
5,0,-66
5,0,-63
5,0,-65
5,0,-64
5,0,-64
5,0,-65
5,0,-64
5,0,-64
5,0,-64
5,0,-64
5,0,-64
5,0,-64
5,0,-65
5,0,-65
5,0,-65
5,0,-65
5,0,-65
5,0,-65
5,0,-65
5,0,-66
5,0,-65
5,0,-66
5,0,-66
5,0,-65
5,0,-66
5,0,-66
5,0,-66
5,0,-65
5,0,-65
5,0,-65
5,0,-66
5,0,-65
5,0,-64
5,0,-65
5,0,-64
5,0,-66
5,0,-65
5,0,-67
5,0,-66
5,0,-65
5,0,-65
5,0,-65
5,0,-66
5,0,-64
5,0,-65
5,0,-64
5,0,-65
5,0,-65
5,0,-64
5,0,-64
5,0,-63
5,0,-64
5,0,-66
5,0,-65
5,0,-66
5,0,-65
5,0,-65
5,0,-65
5,0,-65
5,0,-68
5,0,-66
5,0,-65
5,0,-65
5,0,-66
5,0,-65
5,0,-66
5,0,-65
5,0,-64
5,0,-64
5,0,-65
5,0,-65
5,0,-64
5,0,-64
5,0,-66
5,0,-66
5,0,-66
5,0,-65
5,0,-64
5,0,-65
5,0,-65
5,0,-65
5,0,-65
5,0,-65
5,0,-66
5,0,-66
5,0,-66
5,0,-66
5,0,-66
5,0,-66
5,0,-66
5,0,-65
5,0,-66
5,0,-66
5,0,-65
5,0,-65
5,0,-66
5,0,-65
5,0,-65
5,0,-65
5,0,-65
5,0,-64
5,0,-66
5,0,-65
5,0,-66
5,0,-65
5,0,-65
5,0,-65
5,0,-65
5,0,-65
5,0,-66
5,0,-65
5,0,-65
5,0,-66
5,0,-65
5,0,-65
5,0,-65
5,0,-65
5,0,-65
5,0,-65
5,0,-65
5,0,-65
5,0,-64
5,0,-65
5,0,-65
5,0,-64
5,0,-65
5,0,-65
5,0,-64
5,0,-65
5,0,-65
5,0,-66
5,0,-65
5,0,-65
5,0,-64
5,0,-65
5,0,-66
5,0,-66
5,0,-65
5,0,-64
5,0,-67
5,0,-65
5,0,-66
5,0,-66
5,0,-66
5,0,-64
5,0,-65
5,0,-64
5,0,-66
5,0,-67
5,0,-65
5,0,-65
5,0,-64
5,0,-66
5,0,-65
5,0,-66
5,0,-67
5,0,-67
5,0,-67
5,0,-67
5,0,-66
5,0,-67
5,0,-65
5,0,-67
5,0,-66
5,0,-66
5,0,-67
5,0,-65
5,0,-64
5,0,-65
5,0,-66
5,0,-68
5,0,-67
5,0,-67
5,0,-67
5,0,-66
5,0,-66
5,0,-66
5,0,-67
5,0,-67
5,0,-67
5,0,-66
5,0,-64
5,0,-66
5,0,-67
5,0,-66
5,0,-67
5,0,-68
5,0,-66
5,0,-66
5,0,-65
5,0,-66
5,0,-65
5,0,-65
5,0,-66
5,0,-66
5,0,-64
5,0,-65
5,0,-64
5,0,-65
5,0,-67
5,0,-67
5,0,-67
5,0,-67
5,0,-67
5,0,-66
5,0,-66
5,0,-65
5,0,-65
5,0,-65
5,0,-65
5,0,-66
5,0,-66
5,0,-65
5,0,-65
5,0,-66
5,0,-65
5,0,-66
5,0,-66
5,0,-66
5,0,-67
5,0,-66
5,0,-66
5,0,-66
5,0,-66
5,0,-65
5,0,-65
5,0,-66
6,0,-81
6,0,-82
6,0,-80
6,0,-82
6,0,-83
6,0,-82
6,0,-82
6,0,-82
6,0,-81
6,0,-77
6,0,-73
6,0,-74
6,0,-74
6,0,-74
6,0,-73
6,0,-74
6,0,-75
6,0,-75
6,0,-74
6,0,-74
6,0,-75
6,0,-77
6,0,-76
6,0,-76
6,0,-76
6,0,-76
6,0,-76
6,0,-76
6,0,-76
6,0,-75
6,0,-76
6,0,-78
6,0,-74
6,0,-75
6,0,-75
6,0,-72
6,0,-75
6,0,-75
6,0,-74
6,0,-75
6,0,-74
6,0,-75
6,0,-75
6,0,-75
6,0,-75
6,0,-75
6,0,-75
6,0,-75
6,0,-74
6,0,-75
6,0,-76
6,0,-74
6,0,-75
6,0,-75
6,0,-75
6,0,-75
6,0,-75
6,0,-74
6,0,-73
6,0,-74
6,0,-75
6,0,-74
6,0,-75
6,0,-75
6,0,-75
6,0,-75
6,0,-76
6,0,-79
6,0,-80
6,0,-77
6,0,-77
6,0,-76
6,0,-76
6,0,-77
6,0,-75
6,0,-75
6,0,-76
6,0,-75
6,0,-75
6,0,-75
6,0,-75
6,0,-76
6,0,-76
6,0,-76
6,0,-76
6,0,-77
6,0,-91
6,0,-85
6,0,-82
6,0,-81
6,0,-81
6,0,-75
6,0,-73
6,0,-74
6,0,-74
6,0,-75
6,0,-75
6,0,-75
6,0,-75
6,0,-76
6,0,-74
6,0,-74
6,0,-75
6,0,-75
6,0,-75
6,0,-75
6,0,-75
6,0,-74
6,0,-74
6,0,-76
6,0,-75
6,0,-75
6,0,-74
6,0,-74
6,0,-75
6,0,-75
6,0,-76
6,0,-76
6,0,-76
6,0,-75
6,0,-75
6,0,-75
6,0,-75
6,0,-75
6,0,-75
6,0,-75
6,0,-75
6,0,-75
6,0,-76
6,0,-76
6,0,-76
6,0,-75
6,0,-77
6,0,-76
6,0,-77
6,0,-76
6,0,-77
6,0,-78
6,0,-76
6,0,-76
6,0,-76
6,0,-76
6,0,-74
6,0,-75
6,0,-78
6,0,-77
6,0,-78
6,0,-77
6,0,-78
6,0,-78
6,0,-78
6,0,-79
6,0,-84
6,0,-78
6,0,-78
6,0,-77
6,0,-81
6,0,-77
6,0,-76
6,0,-75
6,0,-76
6,0,-76
6,0,-73
6,0,-74
6,0,-76
6,0,-75
6,0,-75
6,0,-74
6,0,-74
6,0,-73
6,0,-73
6,0,-74
6,0,-73
6,0,-79
6,0,-75
6,0,-76
6,0,-76
6,0,-75
6,0,-75
6,0,-73
6,0,-74
6,0,-73
6,0,-73
6,0,-74
6,0,-75
6,0,-75
6,0,-75
6,0,-75
6,0,-78
6,0,-79
6,0,-76
6,0,-78
6,0,-79
6,0,-77
6,0,-78
6,0,-77
6,0,-78
6,0,-78
6,0,-77
6,0,-77
6,0,-82
6,0,-83
6,0,-78
6,0,-78
6,0,-81
6,0,-80
6,0,-80
6,0,-73
6,0,-73
6,0,-75
6,0,-79
6,0,-77
6,0,-80
6,0,-79
6,0,-80
6,0,-77
6,0,-77
6,0,-79
6,0,-78
6,0,-79
6,0,-80
6,0,-82
6,0,-75
6,0,-76
6,0,-75
6,0,-75
7,0,-74
7,0,-76
7,0,-76
7,0,-76
7,0,-76
7,0,-77
7,0,-76
7,0,-77
7,0,-76
7,0,-77
7,0,-78
7,0,-79
7,0,-81
7,0,-79
7,0,-80
7,0,-80
7,0,-82
7,0,-81
7,0,-81
7,0,-81
7,0,-81
7,0,-80
7,0,-79
7,0,-80
7,0,-79
7,0,-76
7,0,-76
7,0,-78
7,0,-76
7,0,-76
7,0,-76
7,0,-80
7,0,-78
7,0,-79
7,0,-76
7,0,-77
7,0,-78
7,0,-76
7,0,-76
7,0,-75
7,0,-77
7,0,-77
7,0,-76
7,0,-76
7,0,-77
7,0,-76
7,0,-77
7,0,-76
7,0,-77
7,0,-75
7,0,-74
7,0,-75
7,0,-75
7,0,-76
7,0,-75
7,0,-76
7,0,-76
7,0,-76
7,0,-77
7,0,-76
7,0,-78
7,0,-77
7,0,-76
7,0,-78
7,0,-79
7,0,-77
7,0,-77
7,0,-77
7,0,-80
7,0,-80
7,0,-79
7,0,-78
7,0,-79
7,0,-77
7,0,-77
7,0,-77
7,0,-77
7,0,-78
7,0,-78
7,0,-79
7,0,-78
7,0,-75
7,0,-76
7,0,-74
7,0,-76
7,0,-78
7,0,-79
7,0,-78
7,0,-80
7,0,-80
7,0,-80
7,0,-80
7,0,-78
7,0,-78
7,0,-77
7,0,-78
7,0,-78
7,0,-76
7,0,-77
7,0,-79
7,0,-78
7,0,-79
7,0,-78
7,0,-78
7,0,-78
7,0,-79
7,0,-77
7,0,-77
7,0,-77
7,0,-79
7,0,-77
7,0,-79
7,0,-76
7,0,-79
7,0,-80
7,0,-76
7,0,-81
7,0,-77
7,0,-77
7,0,-77
7,0,-76
7,0,-76
7,0,-75
7,0,-78
7,0,-76
7,0,-77
7,0,-76
7,0,-76
7,0,-76
7,0,-76
7,0,-76
7,0,-77
7,0,-77
7,0,-76
7,0,-77
7,0,-76
7,0,-76
7,0,-76
7,0,-76
7,0,-75
7,0,-76
7,0,-76
7,0,-76
7,0,-77
7,0,-76
7,0,-76
7,0,-76
7,0,-76
7,0,-76
7,0,-76
7,0,-75
7,0,-75
7,0,-75
7,0,-76
7,0,-76
7,0,-76
7,0,-77
7,0,-77
7,0,-76
7,0,-77
7,0,-77
7,0,-76
7,0,-75
7,0,-76
7,0,-75
7,0,-76
7,0,-74
7,0,-74
7,0,-75
7,0,-74
7,0,-74
7,0,-74
7,0,-73
7,0,-74
7,0,-76
7,0,-76
7,0,-74
7,0,-73
7,0,-73
7,0,-74
7,0,-73
7,0,-72
7,0,-74
7,0,-73
7,0,-74
7,0,-73
7,0,-74
7,0,-73
7,0,-75
7,0,-75
7,0,-74
7,0,-75
7,0,-76
7,0,-76
7,0,-76
7,0,-76
7,0,-76
7,0,-76
7,0,-76
7,0,-76
0,2,-94
0,2,-103
0,2,-108
0,2,-93
0,2,-95
0,2,-94
0,2,-95
0,2,-94
0,2,-96
0,2,-94
0,2,-98
0,2,-100
0,2,-96
0,2,-97
0,2,-96
0,2,-99
0,2,-93
0,2,-95
0,2,-93
0,2,-101
0,2,-99
0,2,-101
0,2,-104
0,2,-100
0,2,-100
0,2,-97
0,2,-95
0,2,-100
0,2,-97
0,2,-98
0,2,-97
0,2,-97
0,2,-95
0,2,-96
0,2,-94
0,2,-96
0,2,-93
0,2,-93
0,2,-92
0,2,-97
0,2,-96
0,2,-102
0,2,-103
0,2,-102
0,2,-104
0,2,-98
0,2,-101
0,2,-101
0,2,-98
0,2,-98
0,2,-98
0,2,-98
0,2,-99
0,2,-101
0,2,-100
0,2,-105
0,2,-98
0,2,-97
0,2,-89
0,2,-98
0,2,-95
0,2,-94
0,2,-98
0,2,-92
0,2,-90
0,2,-93
0,2,-91
0,2,-92
0,2,-92
0,2,-92
0,2,-93
0,2,-93
0,2,-94
0,2,-95
0,2,-95
0,2,-95
0,2,-94
0,2,-95
0,2,-94
0,2,-93
0,2,-93
0,2,-93
0,2,-93
0,2,-93
0,2,-96
0,2,-93
0,2,-93
0,2,-93
0,2,-95
0,2,-92
0,2,-93
0,2,-95
0,2,-96
0,2,-93
0,2,-94
0,2,-95
0,2,-93
0,2,-93
0,2,-93
0,2,-93
0,2,-95
0,2,-93
0,2,-94
0,2,-93
0,2,-93
0,2,-92
0,2,-93
0,2,-92
0,2,-93
0,2,-94
0,2,-93
0,2,-92
0,2,-97
0,2,-95
0,2,-93
0,2,-93
0,2,-93
0,2,-93
0,2,-96
0,2,-100
0,2,-94
0,2,-94
0,2,-93
0,2,-95
0,2,-95
0,2,-95
0,2,-98
0,2,-93
0,2,-95
0,2,-95
0,2,-95
0,2,-95
0,2,-97
0,2,-98
0,2,-95
0,2,-98
0,2,-98
0,2,-95
0,2,-96
0,2,-97
0,2,-96
0,2,-95
0,2,-95
0,2,-96
0,2,-94
0,2,-93
0,2,-96
0,2,-96
0,2,-95
0,2,-96
0,2,-95
0,2,-97
0,2,-94
0,2,-94
0,2,-96
0,2,-94
0,2,-95
0,2,-94
0,2,-96
0,2,-95
0,2,-103
0,2,-98
0,2,-102
0,2,-102
0,2,-99
0,2,-98
0,2,-94
0,2,-93
0,2,-93
0,2,-95
0,2,-92
0,2,-91
0,2,-90
0,2,-91
0,2,-94
0,2,-93
0,2,-94
0,2,-94
0,2,-92
0,2,-94
0,2,-94
0,2,-92
0,2,-92
0,2,-91
0,2,-92
0,2,-93
0,2,-91
0,2,-91
0,2,-90
0,2,-93
0,2,-93
0,2,-92
0,2,-94
0,2,-94
0,2,-93
0,2,-95
0,2,-93
0,2,-97
0,2,-93
0,2,-92
0,2,-91
0,2,-97
0,2,-93
0,2,-95
0,2,-95
0,2,-94
0,2,-93
0,2,-91
0,2,-92
0,2,-92
0,2,-92
0,2,-92
0,2,-92
0,2,-92
0,2,-94
0,2,-94
0,2,-93
0,2,-94
0,2,-90
0,2,-91
0,2,-95
3,2,-72
3,2,-72
3,2,-72
3,2,-72
3,2,-72
3,2,-72
3,2,-72
3,2,-72
3,2,-72
3,2,-72
3,2,-72
3,2,-72
3,2,-72
3,2,-72
3,2,-72
3,2,-71
3,2,-71
3,2,-71
3,2,-72
3,2,-72
3,2,-72
3,2,-72
3,2,-71
3,2,-72
3,2,-72
3,2,-72
3,2,-72
3,2,-71
3,2,-72
3,2,-72
3,2,-71
3,2,-72
3,2,-72
3,2,-71
3,2,-72
3,2,-71
3,2,-72
3,2,-72
3,2,-72
3,2,-71
3,2,-71
3,2,-72
3,2,-72
3,2,-72
3,2,-71
3,2,-72
3,2,-72
3,2,-72
3,2,-72
3,2,-72
3,2,-72
3,2,-71
3,2,-71
3,2,-72
3,2,-72
3,2,-72
3,2,-72
3,2,-72
3,2,-72
3,2,-71
3,2,-72
3,2,-72
3,2,-71
3,2,-71
3,2,-72
3,2,-72
3,2,-71
3,2,-71
3,2,-71
3,2,-71
3,2,-72
3,2,-71
3,2,-71
3,2,-72
3,2,-72
3,2,-71
3,2,-71
3,2,-71
3,2,-72
3,2,-72
3,2,-72
3,2,-71
3,2,-72
3,2,-72
3,2,-72
3,2,-72
3,2,-71
3,2,-71
3,2,-71
3,2,-71
3,2,-72
3,2,-71
3,2,-72
3,2,-71
3,2,-72
3,2,-72
3,2,-71
3,2,-71
3,2,-72
3,2,-71
3,2,-72
3,2,-72
3,2,-72
3,2,-72
3,2,-72
3,2,-72
3,2,-71
3,2,-72
3,2,-72
3,2,-71
3,2,-71
3,2,-72
3,2,-71
3,2,-71
3,2,-71
3,2,-72
3,2,-72
3,2,-72
3,2,-71
3,2,-71
3,2,-71
3,2,-72
3,2,-71
3,2,-72
3,2,-72
3,2,-72
3,2,-72
3,2,-72
3,2,-72
3,2,-72
3,2,-71
3,2,-72
3,2,-72
3,2,-71
3,2,-71
3,2,-72
3,2,-71
3,2,-72
3,2,-71
3,2,-72
3,2,-71
3,2,-71
3,2,-72
3,2,-72
3,2,-72
3,2,-72
3,2,-72
3,2,-72
3,2,-72
3,2,-72
3,2,-72
3,2,-72
3,2,-72
3,2,-72
3,2,-72
3,2,-71
3,2,-71
3,2,-71
3,2,-71
3,2,-72
3,2,-72
3,2,-72
3,2,-72
3,2,-71
3,2,-72
3,2,-72
3,2,-72
3,2,-72
3,2,-72
3,2,-71
3,2,-72
3,2,-71
3,2,-72
3,2,-72
3,2,-72
3,2,-72
3,2,-72
3,2,-71
3,2,-72
3,2,-72
3,2,-71
3,2,-72
3,2,-71
3,2,-72
3,2,-71
3,2,-71
3,2,-71
3,2,-72
3,2,-71
3,2,-71
3,2,-71
3,2,-71
3,2,-71
3,2,-71
3,2,-71
3,2,-71
3,2,-71
3,2,-71
3,2,-71
3,2,-71
3,2,-71
3,2,-71
3,2,-71
3,2,-71
3,2,-71
3,2,-71
3,2,-71
3,2,-71
3,2,-71
3,2,-72
3,2,-71
3,2,-71
3,2,-72
3,2,-72
4,2,-79
4,2,-86
4,2,-81
4,2,-82
4,2,-80
4,2,-80
4,2,-80
4,2,-80
4,2,-80
4,2,-80
4,2,-80
4,2,-80
4,2,-80
4,2,-80
4,2,-80
4,2,-80
4,2,-80
4,2,-80
4,2,-80
4,2,-80
4,2,-80
4,2,-80
4,2,-80
4,2,-80
4,2,-80
4,2,-77
4,2,-80
4,2,-80
4,2,-79
4,2,-79
4,2,-80
4,2,-79
4,2,-79
4,2,-79
4,2,-79
4,2,-79
4,2,-79
4,2,-79
4,2,-79
4,2,-79
4,2,-79
4,2,-79
4,2,-79
4,2,-79
4,2,-79
4,2,-79
4,2,-79
4,2,-79
4,2,-79
4,2,-79
4,2,-79
4,2,-79
4,2,-79
4,2,-79
4,2,-79
4,2,-79
4,2,-79
4,2,-79
4,2,-78
4,2,-81
4,2,-79
4,2,-88
4,2,-79
4,2,-79
4,2,-79
4,2,-79
4,2,-79
4,2,-80
4,2,-79
4,2,-79
4,2,-79
4,2,-79
4,2,-79
4,2,-79
4,2,-79
4,2,-79
4,2,-79
4,2,-79
4,2,-79
4,2,-80
4,2,-79
4,2,-79
4,2,-79
4,2,-79
4,2,-79
4,2,-79
4,2,-79
4,2,-79
4,2,-79
4,2,-79
4,2,-79
4,2,-79
4,2,-79
4,2,-79
4,2,-79
4,2,-79
4,2,-79
4,2,-79
4,2,-79
4,2,-79
4,2,-79
4,2,-79
4,2,-79
4,2,-79
4,2,-79
4,2,-79
4,2,-79
4,2,-79
4,2,-79
4,2,-79
4,2,-79
4,2,-79
4,2,-79
4,2,-79
4,2,-79
4,2,-79
4,2,-79
4,2,-79
4,2,-79
4,2,-79
4,2,-79
4,2,-79
4,2,-79
4,2,-79
4,2,-79
4,2,-79
4,2,-79
4,2,-79
4,2,-79
4,2,-79
4,2,-79
4,2,-79
4,2,-79
4,2,-79
4,2,-79
4,2,-79
4,2,-79
4,2,-79
4,2,-79
4,2,-77
4,2,-79
4,2,-79
4,2,-79
4,2,-83
4,2,-79
4,2,-79
4,2,-79
4,2,-79
4,2,-80
4,2,-79
4,2,-79
4,2,-79
4,2,-79
4,2,-79
4,2,-79
4,2,-79
4,2,-79
4,2,-79
4,2,-79
4,2,-79
4,2,-79
4,2,-80
4,2,-79
4,2,-79
4,2,-79
4,2,-79
4,2,-79
4,2,-79
4,2,-79
4,2,-79
4,2,-79
4,2,-79
4,2,-79
4,2,-78
4,2,-81
4,2,-84
4,2,-79
4,2,-80
4,2,-80
4,2,-79
4,2,-79
4,2,-79
4,2,-80
4,2,-79
4,2,-80
4,2,-80
4,2,-80
4,2,-79
4,2,-79
4,2,-79
4,2,-79
4,2,-80
4,2,-80
4,2,-79
4,2,-79
4,2,-79
4,2,-79
4,2,-79
4,2,-79
4,2,-80
4,2,-80
4,2,-79
4,2,-79
4,2,-79
4,2,-79
4,2,-79
4,2,-79
4,2,-79
4,2,-79
4,2,-79
4,2,-79
4,2,-79
4,2,-79
4,2,-80
4,2,-79
4,2,-79
4,2,-79
5,2,-90
5,2,-88
5,2,-90
5,2,-93
5,2,-92
5,2,-92
5,2,-92
5,2,-92
5,2,-92
5,2,-92
5,2,-92
5,2,-92
5,2,-92
5,2,-92
5,2,-92
5,2,-92
5,2,-92
5,2,-92
5,2,-92
5,2,-92
5,2,-92
5,2,-92
5,2,-92
5,2,-92
5,2,-92
5,2,-88
5,2,-93
5,2,-89
5,2,-92
5,2,-92
5,2,-92
5,2,-92
5,2,-92
5,2,-92
5,2,-92
5,2,-92
5,2,-92
5,2,-91
5,2,-91
5,2,-92
5,2,-91
5,2,-92
5,2,-91
5,2,-92
5,2,-91
5,2,-92
5,2,-92
5,2,-92
5,2,-92
5,2,-92
5,2,-92
5,2,-91
5,2,-92
5,2,-92
5,2,-92
5,2,-92
5,2,-92
5,2,-92
5,2,-93
5,2,-85
5,2,-96
5,2,-90
5,2,-92
5,2,-92
5,2,-91
5,2,-92
5,2,-92
5,2,-92
5,2,-92
5,2,-93
5,2,-93
5,2,-92
5,2,-92
5,2,-92
5,2,-92
5,2,-92
5,2,-92
5,2,-92
5,2,-92
5,2,-93
5,2,-92
5,2,-92
5,2,-93
5,2,-93
5,2,-93
5,2,-93
5,2,-92
5,2,-92
5,2,-92
5,2,-92
5,2,-92
5,2,-92
5,2,-92
5,2,-92
5,2,-92
5,2,-91
5,2,-91
5,2,-92
5,2,-91
5,2,-92
5,2,-92
5,2,-92
5,2,-92
5,2,-92
5,2,-92
5,2,-92
5,2,-92
5,2,-92
5,2,-92
5,2,-92
5,2,-92
5,2,-92
5,2,-93
5,2,-92
5,2,-92
5,2,-92
5,2,-92
5,2,-92
5,2,-91
5,2,-92
5,2,-92
5,2,-92
5,2,-92
5,2,-92
5,2,-92
5,2,-91
5,2,-92
5,2,-92
5,2,-92
5,2,-91
5,2,-92
5,2,-91
5,2,-91
5,2,-92
5,2,-92
5,2,-92
5,2,-92
5,2,-92
5,2,-92
5,2,-97
5,2,-92
5,2,-92
5,2,-92
5,2,-91
5,2,-91
5,2,-92
5,2,-92
5,2,-91
5,2,-92
5,2,-91
5,2,-92
5,2,-92
5,2,-92
5,2,-92
5,2,-92
5,2,-92
5,2,-91
5,2,-92
5,2,-91
5,2,-91
5,2,-91
5,2,-91
5,2,-91
5,2,-92
5,2,-92
5,2,-92
5,2,-92
5,2,-92
5,2,-91
5,2,-91
5,2,-92
5,2,-92
5,2,-91
5,2,-91
5,2,-85
5,2,-87
5,2,-92
5,2,-92
5,2,-92
5,2,-92
5,2,-93
5,2,-92
5,2,-92
5,2,-92
5,2,-93
5,2,-92
5,2,-92
5,2,-92
5,2,-92
5,2,-92
5,2,-92
5,2,-92
5,2,-92
5,2,-92
5,2,-92
5,2,-92
5,2,-92
5,2,-92
5,2,-92
5,2,-92
5,2,-92
5,2,-92
5,2,-92
5,2,-92
5,2,-91
5,2,-92
5,2,-91
5,2,-92
5,2,-92
5,2,-92
5,2,-92
5,2,-92
5,2,-92
5,2,-92
5,2,-92
5,2,-93
5,2,-92
5,2,-92
5,2,-92
6,2,-86
6,2,-99
6,2,-97
6,2,-97
6,2,-97
6,2,-97
6,2,-97
6,2,-97
6,2,-98
6,2,-98
6,2,-98
6,2,-98
6,2,-98
6,2,-97
6,2,-98
6,2,-97
6,2,-98
6,2,-97
6,2,-97
6,2,-98
6,2,-98
6,2,-98
6,2,-98
6,2,-98
6,2,-98
6,2,-88
6,2,-100
6,2,-97
6,2,-97
6,2,-98
6,2,-98
6,2,-98
6,2,-98
6,2,-97
6,2,-98
6,2,-98
6,2,-99
6,2,-99
6,2,-99
6,2,-98
6,2,-99
6,2,-98
6,2,-98
6,2,-99
6,2,-99
6,2,-99
6,2,-99
6,2,-99
6,2,-98
6,2,-99
6,2,-99
6,2,-98
6,2,-98
6,2,-99
6,2,-99
6,2,-99
6,2,-99
6,2,-98
6,2,-103
6,2,-104
6,2,-109
6,2,-100
6,2,-98
6,2,-99
6,2,-99
6,2,-98
6,2,-99
6,2,-99
6,2,-99
6,2,-99
6,2,-99
6,2,-99
6,2,-99
6,2,-99
6,2,-99
6,2,-98
6,2,-98
6,2,-97
6,2,-98
6,2,-98
6,2,-98
6,2,-98
6,2,-98
6,2,-98
6,2,-98
6,2,-97
6,2,-98
6,2,-98
6,2,-98
6,2,-98
6,2,-98
6,2,-98
6,2,-99
6,2,-99
6,2,-98
6,2,-98
6,2,-98
6,2,-98
6,2,-99
6,2,-99
6,2,-99
6,2,-98
6,2,-98
6,2,-99
6,2,-99
6,2,-99
6,2,-99
6,2,-99
6,2,-99
6,2,-99
6,2,-99
6,2,-99
6,2,-99
6,2,-99
6,2,-99
6,2,-99
6,2,-99
6,2,-99
6,2,-99
6,2,-99
6,2,-98
6,2,-99
6,2,-99
6,2,-99
6,2,-98
6,2,-98
6,2,-99
6,2,-98
6,2,-99
6,2,-98
6,2,-98
6,2,-98
6,2,-98
6,2,-99
6,2,-99
6,2,-99
6,2,-99
6,2,-99
6,2,-98
6,2,-98
6,2,-98
6,2,-94
6,2,-98
6,2,-98
6,2,-98
6,2,-99
6,2,-99
6,2,-99
6,2,-100
6,2,-99
6,2,-100
6,2,-100
6,2,-100
6,2,-100
6,2,-99
6,2,-99
6,2,-100
6,2,-99
6,2,-99
6,2,-99
6,2,-99
6,2,-99
6,2,-99
6,2,-99
6,2,-99
6,2,-99
6,2,-99
6,2,-99
6,2,-98
6,2,-98
6,2,-99
6,2,-99
6,2,-95
6,2,-93
6,2,-100
6,2,-98
6,2,-98
6,2,-98
6,2,-99
6,2,-98
6,2,-99
6,2,-98
6,2,-98
6,2,-98
6,2,-99
6,2,-99
6,2,-99
6,2,-98
6,2,-98
6,2,-99
6,2,-98
6,2,-98
6,2,-98
6,2,-98
6,2,-99
6,2,-98
6,2,-99
6,2,-98
6,2,-100
6,2,-99
6,2,-99
6,2,-99
6,2,-98
6,2,-98
6,2,-98
6,2,-98
6,2,-98
6,2,-99
6,2,-98
6,2,-99
6,2,-99
6,2,-98
6,2,-99
6,2,-98
6,2,-99
7,2,-99
7,2,-85
7,2,-86
7,2,-86
7,2,-86
7,2,-85
7,2,-85
7,2,-85
7,2,-86
7,2,-85
7,2,-86
7,2,-85
7,2,-85
7,2,-85
7,2,-86
7,2,-85
7,2,-85
7,2,-85
7,2,-86
7,2,-85
7,2,-85
7,2,-85
7,2,-86
7,2,-85
7,2,-86
7,2,-85
7,2,-85
7,2,-85
7,2,-85
7,2,-85
7,2,-85
7,2,-86
7,2,-85
7,2,-85
7,2,-85
7,2,-86
7,2,-85
7,2,-86
7,2,-85
7,2,-85
7,2,-85
7,2,-85
7,2,-85
7,2,-85
7,2,-86
7,2,-86
7,2,-86
7,2,-85
7,2,-86
7,2,-85
7,2,-86
7,2,-85
7,2,-85
7,2,-85
7,2,-88
7,2,-88
7,2,-90
7,2,-91
7,2,-85
7,2,-85
7,2,-85
7,2,-86
7,2,-86
7,2,-85
7,2,-85
7,2,-85
7,2,-86
7,2,-85
7,2,-86
7,2,-86
7,2,-86
7,2,-86
7,2,-86
7,2,-86
7,2,-86
7,2,-86
7,2,-86
7,2,-86
7,2,-86
7,2,-86
7,2,-86
7,2,-86
7,2,-86
7,2,-86
7,2,-86
7,2,-86
7,2,-86
7,2,-85
7,2,-86
7,2,-86
7,2,-85
7,2,-86
7,2,-86
7,2,-85
7,2,-86
7,2,-86
7,2,-85
7,2,-86
7,2,-86
7,2,-86
7,2,-86
7,2,-86
7,2,-86
7,2,-86
7,2,-86
7,2,-86
7,2,-86
7,2,-86
7,2,-86
7,2,-86
7,2,-86
7,2,-86
7,2,-86
7,2,-86
7,2,-86
7,2,-85
7,2,-86
7,2,-86
7,2,-86
7,2,-85
7,2,-85
7,2,-86
7,2,-86
7,2,-85
7,2,-85
7,2,-85
7,2,-85
7,2,-86
7,2,-86
7,2,-88
7,2,-86
7,2,-86
7,2,-86
7,2,-88
7,2,-86
7,2,-85
7,2,-85
7,2,-85
7,2,-86
7,2,-85
7,2,-85
7,2,-85
7,2,-86
7,2,-85
7,2,-85
7,2,-85
7,2,-86
7,2,-86
7,2,-86
7,2,-86
7,2,-86
7,2,-86
7,2,-86
7,2,-86
7,2,-84
7,2,-86
7,2,-87
7,2,-84
7,2,-85
7,2,-86
7,2,-86
7,2,-86
7,2,-86
7,2,-86
7,2,-86
7,2,-86
7,2,-86
7,2,-86
7,2,-85
7,2,-86
7,2,-86
7,2,-86
7,2,-86
7,2,-86
7,2,-86
7,2,-86
7,2,-86
7,2,-86
7,2,-86
7,2,-86
7,2,-86
7,2,-86
7,2,-86
7,2,-86
7,2,-86
7,2,-86
7,2,-86
7,2,-86
7,2,-85
7,2,-86
7,2,-86
7,2,-86
7,2,-86
7,2,-86
0,3,-108
0,3,-108
0,3,-106
0,3,-107
0,3,-107
0,3,-107
0,3,-109
0,3,-108
0,3,-110
0,3,-109
0,3,-111
0,3,-109
0,3,-107
0,3,-108
0,3,-106
0,3,-107
0,3,-107
0,3,-108
0,3,-108
0,3,-106
0,3,-107
0,3,-107
0,3,-108
0,3,-109
0,3,-108
0,3,-108
0,3,-110
0,3,-108
0,3,-108
0,3,-108
0,3,-108
0,3,-106
0,3,-106
0,3,-107
0,3,-107
0,3,-107
0,3,-107
0,3,-105
0,3,-106
0,3,-106
0,3,-106
0,3,-106
0,3,-109
0,3,-107
0,3,-107
0,3,-107
0,3,-107
0,3,-107
0,3,-108
0,3,-105
0,3,-105
0,3,-106
0,3,-105
0,3,-107
0,3,-105
0,3,-105
0,3,-105
0,3,-105
0,3,-106
0,3,-106
0,3,-106
0,3,-105
0,3,-105
0,3,-106
0,3,-107
0,3,-107
0,3,-107
0,3,-105
0,3,-106
0,3,-106
0,3,-106
0,3,-105
0,3,-105
0,3,-107
0,3,-108
0,3,-109
0,3,-107
0,3,-109
0,3,-109
0,3,-108
0,3,-108
0,3,-107
0,3,-107
0,3,-106
0,3,-108
0,3,-108
0,3,-107
0,3,-107
0,3,-107
0,3,-106
0,3,-107
0,3,-107
0,3,-107
0,3,-108
0,3,-108
0,3,-105
0,3,-105
0,3,-106
0,3,-108
0,3,-107
0,3,-105
0,3,-105
0,3,-107
0,3,-107
0,3,-107
0,3,-109
0,3,-108
0,3,-107
0,3,-107
0,3,-107
0,3,-109
0,3,-107
0,3,-108
0,3,-107
0,3,-107
0,3,-106
0,3,-106
0,3,-107
0,3,-108
0,3,-109
0,3,-109
0,3,-109
0,3,-107
0,3,-107
0,3,-106
0,3,-107
0,3,-107
0,3,-108
0,3,-107
0,3,-108
0,3,-108
0,3,-108
0,3,-107
0,3,-108
0,3,-109
0,3,-109
0,3,-108
0,3,-108
0,3,-107
0,3,-107
0,3,-108
0,3,-108
0,3,-108
0,3,-107
0,3,-108
0,3,-109
0,3,-109
0,3,-109
0,3,-109
2,3,-68
2,3,-68
2,3,-68
2,3,-69
2,3,-69
2,3,-69
2,3,-68
2,3,-69
2,3,-68
2,3,-68
2,3,-68
2,3,-68
2,3,-68
2,3,-68
2,3,-68
2,3,-68
2,3,-68
2,3,-69
2,3,-68
2,3,-68
2,3,-68
2,3,-68
2,3,-68
2,3,-69
2,3,-68
2,3,-69
2,3,-68
2,3,-68
2,3,-68
2,3,-68
2,3,-69
2,3,-68
2,3,-68
2,3,-68
2,3,-68
2,3,-68
2,3,-69
2,3,-70
2,3,-69
2,3,-69
2,3,-68
2,3,-68
2,3,-70
2,3,-69
2,3,-68
2,3,-68
2,3,-68
2,3,-68
2,3,-68
2,3,-68
2,3,-68
2,3,-68
2,3,-68
2,3,-68
2,3,-68
2,3,-68
2,3,-68
2,3,-69
2,3,-68
2,3,-68
2,3,-68
2,3,-68
2,3,-68
2,3,-68
2,3,-68
2,3,-68
2,3,-68
2,3,-68
2,3,-68
2,3,-69
2,3,-68
2,3,-68
2,3,-68
2,3,-68
2,3,-68
2,3,-68
2,3,-68
2,3,-68
2,3,-68
2,3,-68
2,3,-68
2,3,-68
2,3,-68
2,3,-68
2,3,-68
2,3,-68
2,3,-68
2,3,-68
2,3,-68
2,3,-68
2,3,-68
2,3,-68
2,3,-68
2,3,-68
2,3,-68
2,3,-68
2,3,-68
2,3,-68
2,3,-68
2,3,-68
2,3,-68
2,3,-68
2,3,-68
2,3,-68
2,3,-68
2,3,-68
2,3,-68
2,3,-68
2,3,-68
2,3,-68
2,3,-68
2,3,-68
2,3,-68
2,3,-69
2,3,-68
2,3,-68
2,3,-68
2,3,-68
2,3,-68
2,3,-68
2,3,-68
2,3,-68
2,3,-68
2,3,-68
2,3,-68
2,3,-68
2,3,-68
2,3,-68
2,3,-68
2,3,-68
2,3,-68
2,3,-68
2,3,-68
2,3,-68
2,3,-68
2,3,-68
2,3,-68
2,3,-68
2,3,-68
2,3,-68
2,3,-68
2,3,-68
2,3,-68
2,3,-68
2,3,-68
2,3,-68
2,3,-68
2,3,-68
2,3,-68
2,3,-68
2,3,-68
2,3,-68
0,4,-62
0,4,-62
0,4,-62
0,4,-63
0,4,-62
0,4,-61
0,4,-61
0,4,-63
0,4,-61
0,4,-61
0,4,-61
0,4,-61
0,4,-60
0,4,-60
0,4,-61
0,4,-61
0,4,-62
0,4,-62
0,4,-62
0,4,-62
0,4,-62
0,4,-63
0,4,-62
0,4,-63
0,4,-63
0,4,-62
0,4,-62
0,4,-61
0,4,-62
0,4,-62
0,4,-61
0,4,-61
0,4,-61
0,4,-62
0,4,-62
0,4,-62
0,4,-64
0,4,-61
0,4,-61
0,4,-61
0,4,-62
0,4,-61
0,4,-60
0,4,-61
0,4,-62
0,4,-62
0,4,-61
0,4,-61
0,4,-60
0,4,-60
0,4,-62
0,4,-62
0,4,-61
0,4,-61
0,4,-61
0,4,-61
0,4,-62
0,4,-61
0,4,-61
0,4,-62
0,4,-62
0,4,-61
0,4,-61
0,4,-60
0,4,-61
0,4,-61
0,4,-61
0,4,-62
0,4,-61
0,4,-62
0,4,-60
0,4,-61
0,4,-61
0,4,-62
0,4,-62
0,4,-61
0,4,-61
0,4,-61
0,4,-61
0,4,-61
0,4,-61
0,4,-60
0,4,-60
0,4,-60
0,4,-61
0,4,-60
0,4,-61
0,4,-61
0,4,-60
0,4,-60
0,4,-60
0,4,-60
0,4,-61
0,4,-61
0,4,-61
0,4,-61
0,4,-61
0,4,-60
0,4,-62
0,4,-62
0,4,-63
0,4,-63
0,4,-63
0,4,-63
0,4,-62
0,4,-62
0,4,-64
0,4,-62
0,4,-64
0,4,-60
0,4,-62
0,4,-61
0,4,-62
0,4,-63
0,4,-62
0,4,-62
0,4,-61
0,4,-62
0,4,-62
0,4,-63
0,4,-62
0,4,-62
0,4,-62
0,4,-63
0,4,-62
0,4,-62
0,4,-61
0,4,-60
0,4,-62
0,4,-60
0,4,-60
0,4,-61
0,4,-60
0,4,-61
0,4,-60
0,4,-61
0,4,-61
0,4,-61
0,4,-60
0,4,-60
0,4,-61
0,4,-63
0,4,-63
0,4,-62
0,4,-62
0,4,-62
0,4,-63
0,4,-63
0,4,-62
0,4,-62
0,4,-62
0,4,-61
0,4,-61
0,4,-61
0,4,-60
0,4,-62
0,4,-62
0,4,-61
0,4,-61
0,4,-60
0,4,-60
0,4,-61
0,4,-61
0,4,-61
0,4,-61
0,4,-62
0,4,-61
0,4,-62
0,4,-61
0,4,-62
2,4,-85
2,4,-85
2,4,-85
2,4,-82
2,4,-84
2,4,-82
2,4,-82
2,4,-82
2,4,-82
2,4,-82
2,4,-82
2,4,-82
2,4,-82
2,4,-82
2,4,-82
2,4,-82
2,4,-81
2,4,-81
2,4,-81
2,4,-81
2,4,-86
2,4,-82
2,4,-81
2,4,-81
2,4,-81
2,4,-81
2,4,-81
2,4,-81
2,4,-81
2,4,-81
2,4,-81
2,4,-81
2,4,-81
2,4,-81
2,4,-81
2,4,-81
2,4,-81
2,4,-81
2,4,-81
2,4,-81
2,4,-81
2,4,-81
2,4,-81
2,4,-81
2,4,-81
2,4,-81
2,4,-81
2,4,-81
2,4,-81
2,4,-81
2,4,-81
2,4,-81
2,4,-81
2,4,-81
2,4,-81
2,4,-81
2,4,-81
2,4,-81
2,4,-81
2,4,-81
2,4,-81
2,4,-81
2,4,-81
2,4,-81
2,4,-81
2,4,-81
2,4,-81
2,4,-81
2,4,-81
2,4,-81
2,4,-81
2,4,-81
2,4,-81
2,4,-81
2,4,-81
2,4,-81
2,4,-81
2,4,-81
2,4,-81
2,4,-81
2,4,-81
2,4,-81
2,4,-81
2,4,-81
2,4,-81
2,4,-81
2,4,-81
2,4,-81
2,4,-81
2,4,-81
2,4,-81
2,4,-81
2,4,-81
2,4,-81
2,4,-81
2,4,-81
2,4,-81
2,4,-81
2,4,-81
2,4,-81
2,4,-81
2,4,-81
2,4,-81
2,4,-81
2,4,-81
2,4,-81
2,4,-81
2,4,-81
2,4,-81
2,4,-81
2,4,-81
2,4,-81
2,4,-81
2,4,-82
2,4,-82
2,4,-81
2,4,-82
2,4,-81
2,4,-81
2,4,-81
2,4,-81
2,4,-81
2,4,-81
2,4,-81
2,4,-81
2,4,-81
2,4,-81
2,4,-81
2,4,-81
2,4,-81
2,4,-85
2,4,-81
2,4,-81
2,4,-81
2,4,-81
2,4,-81
2,4,-81
2,4,-81
2,4,-81
2,4,-82
2,4,-81
2,4,-81
2,4,-81
2,4,-81
2,4,-81
2,4,-81
2,4,-81
2,4,-81
2,4,-81
2,4,-81
2,4,-81
2,4,-81
2,4,-81
2,4,-81
2,4,-81
2,4,-81
2,4,-81
2,4,-81
2,4,-81
2,4,-81
2,4,-81
2,4,-81
2,4,-81
2,4,-81
2,4,-81
2,4,-81
5,4,-45
5,4,-45
5,4,-45
5,4,-45
5,4,-45
5,4,-46
5,4,-45
5,4,-46
5,4,-45
5,4,-45
5,4,-45
5,4,-45
5,4,-45
5,4,-46
5,4,-46
5,4,-45
5,4,-45
5,4,-45
5,4,-46
5,4,-45
5,4,-45
5,4,-45
5,4,-46
5,4,-46
5,4,-45
5,4,-46
5,4,-46
5,4,-46
5,4,-45
5,4,-46
5,4,-46
5,4,-46
5,4,-46
5,4,-45
5,4,-45
5,4,-46
5,4,-45
5,4,-45
5,4,-46
5,4,-46
5,4,-46
5,4,-46
5,4,-45
5,4,-46
5,4,-46
5,4,-45
5,4,-45
5,4,-46
5,4,-46
5,4,-46
5,4,-46
5,4,-46
5,4,-45
5,4,-46
5,4,-46
5,4,-46
5,4,-45
5,4,-45
5,4,-46
5,4,-46
5,4,-45
5,4,-46
5,4,-46
5,4,-46
5,4,-46
5,4,-46
5,4,-45
5,4,-46
5,4,-46
5,4,-46
5,4,-46
5,4,-45
5,4,-46
5,4,-45
5,4,-46
5,4,-46
5,4,-45
5,4,-45
5,4,-46
5,4,-45
5,4,-45
5,4,-46
5,4,-46
5,4,-46
5,4,-45
5,4,-46
5,4,-45
5,4,-46
5,4,-46
5,4,-45
5,4,-46
5,4,-45
5,4,-46
5,4,-45
5,4,-45
5,4,-45
5,4,-45
5,4,-46
5,4,-45
5,4,-46
5,4,-45
5,4,-45
5,4,-46
5,4,-45
5,4,-45
5,4,-45
5,4,-45
5,4,-45
5,4,-46
5,4,-45
5,4,-46
5,4,-45
5,4,-45
5,4,-45
5,4,-46
5,4,-45
5,4,-45
5,4,-46
5,4,-45
5,4,-45
5,4,-46
5,4,-45
5,4,-45
5,4,-45
5,4,-46
5,4,-45
5,4,-46
5,4,-45
5,4,-45
5,4,-45
5,4,-46
5,4,-45
5,4,-45
5,4,-45
5,4,-46
5,4,-45
5,4,-45
5,4,-45
5,4,-45
5,4,-46
5,4,-45
5,4,-45
5,4,-45
5,4,-46
5,4,-45
5,4,-45
5,4,-45
5,4,-45
5,4,-45
5,4,-46
5,4,-45
5,4,-45
5,4,-46
5,4,-45
5,4,-45
6,4,-56
6,4,-56
6,4,-56
6,4,-56
6,4,-58
6,4,-56
6,4,-56
6,4,-56
6,4,-56
6,4,-56
6,4,-56
6,4,-56
6,4,-58
6,4,-56
6,4,-56
6,4,-56
6,4,-57
6,4,-56
6,4,-57
6,4,-56
6,4,-56
6,4,-58
6,4,-56
6,4,-56
6,4,-56
6,4,-56
6,4,-57
6,4,-56
6,4,-56
6,4,-58
6,4,-56
6,4,-56
6,4,-56
6,4,-56
6,4,-56
6,4,-56
6,4,-57
6,4,-57
6,4,-57
6,4,-56
6,4,-58
6,4,-56
6,4,-58
6,4,-58
6,4,-56
6,4,-56
6,4,-56
6,4,-56
6,4,-57
6,4,-57
6,4,-56
6,4,-56
6,4,-56
6,4,-56
6,4,-56
6,4,-56
6,4,-56
6,4,-56
6,4,-56
6,4,-56
6,4,-56
6,4,-56
6,4,-56
6,4,-56
6,4,-56
6,4,-56
6,4,-56
6,4,-56
6,4,-58
6,4,-56
6,4,-57
6,4,-58
6,4,-58
6,4,-57
6,4,-56
6,4,-56
6,4,-56
6,4,-56
6,4,-56
6,4,-56
6,4,-56
6,4,-56
6,4,-56
6,4,-56
6,4,-56
6,4,-56
6,4,-56
6,4,-56
6,4,-58
6,4,-56
6,4,-56
6,4,-58
6,4,-58
6,4,-56
6,4,-57
6,4,-56
6,4,-56
6,4,-56
6,4,-56
6,4,-56
6,4,-56
6,4,-56
6,4,-57
6,4,-56
6,4,-56
6,4,-56
6,4,-56
6,4,-57
6,4,-56
6,4,-56
6,4,-56
6,4,-56
6,4,-58
6,4,-56
6,4,-56
6,4,-57
6,4,-56
6,4,-56
6,4,-56
6,4,-56
6,4,-56
6,4,-56
6,4,-56
6,4,-56
6,4,-56
6,4,-56
6,4,-58
6,4,-56
6,4,-56
6,4,-56
6,4,-56
6,4,-56
6,4,-57
6,4,-56
6,4,-56
6,4,-56
6,4,-57
6,4,-57
6,4,-56
6,4,-56
6,4,-56
6,4,-56
6,4,-57
6,4,-57
6,4,-57
6,4,-57
6,4,-57
6,4,-57
6,4,-57
6,4,-56
6,4,-56
6,4,-57
6,4,-57
6,4,-57
6,4,-56
6,4,-56
6,4,-56
6,4,-56
6,4,-57
6,4,-57
6,4,-57
6,4,-57
6,4,-57
6,4,-57
6,4,-57
6,4,-57
6,4,-57
6,4,-56
6,4,-57
7,4,-56
7,4,-56
7,4,-56
7,4,-56
7,4,-58
7,4,-57
7,4,-57
7,4,-56
7,4,-57
7,4,-57
7,4,-58
7,4,-58
7,4,-56
7,4,-56
7,4,-56
7,4,-57
7,4,-57
7,4,-56
7,4,-56
7,4,-56
7,4,-56
7,4,-56
7,4,-56
7,4,-56
7,4,-56
7,4,-58
7,4,-56
7,4,-56
7,4,-58
7,4,-58
7,4,-58
7,4,-56
7,4,-57
7,4,-56
7,4,-58
7,4,-56
7,4,-58
7,4,-58
7,4,-56
7,4,-56
7,4,-57
7,4,-56
7,4,-56
7,4,-58
7,4,-56
7,4,-58
7,4,-58
7,4,-58
7,4,-56
7,4,-58
7,4,-56
7,4,-58
7,4,-56
7,4,-58
7,4,-56
7,4,-58
7,4,-58
7,4,-56
7,4,-58
7,4,-56
7,4,-56
7,4,-58
7,4,-56
7,4,-57
7,4,-56
7,4,-56
7,4,-56
7,4,-58
7,4,-58
7,4,-56
7,4,-56
7,4,-56
7,4,-56
7,4,-56
7,4,-56
7,4,-57
7,4,-57
7,4,-57
7,4,-57
7,4,-56
7,4,-56
7,4,-56
7,4,-56
7,4,-56
7,4,-57
7,4,-57
7,4,-57
7,4,-57
7,4,-58
7,4,-57
7,4,-56
7,4,-58
7,4,-56
7,4,-56
7,4,-58
7,4,-58
7,4,-56
7,4,-56
7,4,-56
7,4,-56
7,4,-58
7,4,-58
7,4,-58
7,4,-56
7,4,-56
7,4,-58
7,4,-57
7,4,-57
7,4,-57
7,4,-58
7,4,-56
7,4,-56
7,4,-56
7,4,-56
7,4,-58
7,4,-56
7,4,-58
7,4,-56
7,4,-56
7,4,-56
7,4,-57
7,4,-58
7,4,-56
7,4,-56
7,4,-56
7,4,-58
7,4,-56
7,4,-56
7,4,-58
7,4,-58
7,4,-57
7,4,-57
7,4,-56
7,4,-56
7,4,-57
7,4,-57
7,4,-57
7,4,-56
7,4,-57
7,4,-57
7,4,-57
7,4,-58
7,4,-57
7,4,-56
7,4,-57
7,4,-57
7,4,-56
7,4,-57
7,4,-56
7,4,-57
7,4,-56
7,4,-56
7,4,-56
7,4,-57
7,4,-56
7,4,-56
7,4,-57
7,4,-57
7,4,-57
7,4,-57
7,4,-57
7,4,-57
0,5,-65
0,5,-65
0,5,-66
0,5,-65
0,5,-65
0,5,-65
0,5,-62
0,5,-63
0,5,-63
0,5,-63
0,5,-64
0,5,-62
0,5,-63
0,5,-63
0,5,-63
0,5,-63
0,5,-63
0,5,-64
0,5,-63
0,5,-64
0,5,-63
0,5,-64
0,5,-64
0,5,-64
0,5,-65
0,5,-64
0,5,-64
0,5,-64
0,5,-65
0,5,-64
0,5,-65
0,5,-64
0,5,-64
0,5,-63
0,5,-63
0,5,-64
0,5,-64
0,5,-63
0,5,-64
0,5,-63
0,5,-65
0,5,-64
0,5,-65
0,5,-65
0,5,-64
0,5,-64
0,5,-64
0,5,-64
0,5,-63
0,5,-64
0,5,-63
0,5,-64
0,5,-64
0,5,-63
0,5,-63
0,5,-62
0,5,-63
0,5,-64
0,5,-64
0,5,-64
0,5,-63
0,5,-64
0,5,-64
0,5,-64
0,5,-66
0,5,-65
0,5,-64
0,5,-64
0,5,-65
0,5,-64
0,5,-65
0,5,-63
0,5,-63
0,5,-63
0,5,-64
0,5,-64
0,5,-63
0,5,-63
0,5,-65
0,5,-65
0,5,-64
0,5,-64
0,5,-63
0,5,-64
0,5,-64
0,5,-63
0,5,-63
0,5,-64
0,5,-64
0,5,-64
0,5,-64
0,5,-65
0,5,-64
0,5,-64
0,5,-65
0,5,-64
0,5,-64
0,5,-64
0,5,-64
0,5,-64
0,5,-64
0,5,-64
0,5,-64
0,5,-64
0,5,-64
0,5,-63
0,5,-64
0,5,-64
0,5,-65
0,5,-64
0,5,-64
0,5,-64
0,5,-63
0,5,-64
0,5,-64
0,5,-64
0,5,-64
0,5,-64
0,5,-63
0,5,-63
0,5,-64
0,5,-64
0,5,-64
0,5,-64
0,5,-64
0,5,-64
0,5,-63
0,5,-64
0,5,-64
0,5,-63
0,5,-64
0,5,-64
0,5,-63
0,5,-64
0,5,-64
0,5,-64
0,5,-64
0,5,-64
0,5,-63
0,5,-64
0,5,-64
0,5,-65
0,5,-64
0,5,-63
0,5,-66
0,5,-63
0,5,-65
0,5,-65
0,5,-65
0,5,-63
0,5,-63
0,5,-63
0,5,-65
0,5,-63
0,5,-65
0,5,-64
0,5,-63
0,5,-63
0,5,-64
0,5,-64
0,5,-65
0,5,-65
0,5,-65
0,5,-66
0,5,-66
0,5,-65
0,5,-66
0,5,-67
0,5,-66
0,5,-67
0,5,-67
0,5,-66
0,5,-67
0,5,-63
0,5,-63
0,5,-65
0,5,-66
0,5,-66
0,5,-66
0,5,-65
0,5,-64
0,5,-65
0,5,-65
0,5,-65
0,5,-66
0,5,-66
0,5,-66
0,5,-63
0,5,-65
0,5,-65
0,5,-65
0,5,-66
0,5,-67
0,5,-65
0,5,-64
0,5,-64
0,5,-65
0,5,-64
0,5,-63
0,5,-64
0,5,-64
0,5,-63
0,5,-63
0,5,-63
0,5,-63
0,5,-66
0,5,-66
0,5,-66
0,5,-65
0,5,-65
0,5,-64
0,5,-65
0,5,-64
0,5,-64
0,5,-64
0,5,-64
0,5,-65
0,5,-65
0,5,-63
0,5,-64
0,5,-65
0,5,-64
0,5,-65
0,5,-65
0,5,-65
0,5,-65
0,5,-65
0,5,-64
0,5,-64
0,5,-64
0,5,-64
0,5,-64
0,5,-65
2,5,-92
2,5,-83
2,5,-87
2,5,-90
2,5,-89
2,5,-88
2,5,-89
2,5,-88
2,5,-88
2,5,-88
2,5,-89
2,5,-89
2,5,-89
2,5,-89
2,5,-89
2,5,-89
2,5,-89
2,5,-93
2,5,-90
2,5,-89
2,5,-89
2,5,-89
2,5,-89
2,5,-89
2,5,-89
2,5,-89
2,5,-89
2,5,-89
2,5,-89
2,5,-93
2,5,-89
2,5,-88
2,5,-88
2,5,-88
2,5,-89
2,5,-78
2,5,-89
2,5,-89
2,5,-87
2,5,-89
2,5,-91
2,5,-86
2,5,-90
2,5,-89
2,5,-89
2,5,-89
2,5,-89
2,5,-86
2,5,-93
2,5,-96
2,5,-87
2,5,-88
2,5,-88
2,5,-88
2,5,-88
2,5,-88
2,5,-89
2,5,-88
2,5,-89
2,5,-88
2,5,-88
2,5,-88
2,5,-88
2,5,-88
2,5,-88
2,5,-88
2,5,-88
2,5,-88
2,5,-89
2,5,-88
2,5,-88
2,5,-88
2,5,-88
2,5,-89
2,5,-89
2,5,-88
2,5,-88
2,5,-89
2,5,-88
2,5,-88
2,5,-89
2,5,-89
2,5,-89
2,5,-89
2,5,-89
2,5,-89
2,5,-89
2,5,-88
2,5,-89
2,5,-89
2,5,-88
2,5,-89
2,5,-89
2,5,-89
2,5,-89
2,5,-89
2,5,-89
2,5,-89
2,5,-89
2,5,-89
2,5,-89
2,5,-89
2,5,-89
2,5,-89
2,5,-89
2,5,-89
2,5,-89
2,5,-89
2,5,-89
2,5,-89
2,5,-88
2,5,-89
2,5,-89
2,5,-89
2,5,-89
2,5,-88
2,5,-88
2,5,-88
2,5,-88
2,5,-89
2,5,-88
2,5,-88
2,5,-88
2,5,-88
2,5,-88
2,5,-88
2,5,-89
2,5,-89
2,5,-89
2,5,-89
2,5,-89
2,5,-89
2,5,-89
2,5,-89
2,5,-88
2,5,-88
2,5,-89
2,5,-88
2,5,-88
2,5,-88
2,5,-89
2,5,-88
2,5,-89
2,5,-88
2,5,-88
2,5,-88
2,5,-88
2,5,-88
2,5,-88
2,5,-88
2,5,-88
2,5,-89
2,5,-88
2,5,-89
2,5,-93
2,5,-88
2,5,-89
2,5,-89
2,5,-91
2,5,-88
2,5,-89
2,5,-88
2,5,-88
2,5,-88
2,5,-88
2,5,-88
2,5,-89
2,5,-88
2,5,-88
2,5,-88
2,5,-88
2,5,-88
2,5,-88
2,5,-88
2,5,-88
2,5,-89
2,5,-88
2,5,-88
2,5,-88
2,5,-88
2,5,-88
2,5,-88
2,5,-88
2,5,-89
2,5,-89
2,5,-89
2,5,-89
2,5,-87
2,5,-89
2,5,-89
2,5,-92
2,5,-89
2,5,-89
2,5,-89
2,5,-88
2,5,-89
2,5,-89
2,5,-88
2,5,-89
2,5,-89
2,5,-89
2,5,-89
2,5,-89
2,5,-89
2,5,-89
2,5,-89
2,5,-89
2,5,-88
2,5,-89
2,5,-86
2,5,-88
2,5,-89
2,5,-89
2,5,-88
2,5,-88
2,5,-88
2,5,-89
2,5,-89
2,5,-88
2,5,-88
2,5,-89
2,5,-89
2,5,-89
2,5,-88
2,5,-88
2,5,-88
2,5,-89
2,5,-89
3,5,-112
3,5,-112
3,5,-113
3,5,-113
4,5,-42
4,5,-42
4,5,-42
4,5,-42
4,5,-42
4,5,-42
4,5,-42
4,5,-42
4,5,-42
4,5,-42
4,5,-42
4,5,-42
4,5,-42
4,5,-42
4,5,-42
4,5,-42
4,5,-42
4,5,-42
4,5,-42
4,5,-42
4,5,-42
4,5,-42
4,5,-42
4,5,-43
4,5,-42
4,5,-42
4,5,-42
4,5,-42
4,5,-42
4,5,-42
4,5,-42
4,5,-42
4,5,-42
4,5,-42
4,5,-42
4,5,-42
4,5,-42
4,5,-42
4,5,-42
4,5,-42
4,5,-42
4,5,-42
4,5,-42
4,5,-42
4,5,-42
4,5,-42
4,5,-42
4,5,-42
4,5,-42
4,5,-42
4,5,-42
4,5,-42
4,5,-42
4,5,-42
4,5,-42
4,5,-42
4,5,-42
4,5,-42
4,5,-42
4,5,-42
4,5,-42
4,5,-42
4,5,-42
4,5,-42
4,5,-42
4,5,-42
4,5,-42
4,5,-42
4,5,-42
4,5,-42
4,5,-42
4,5,-42
4,5,-42
4,5,-42
4,5,-42
4,5,-42
4,5,-42
4,5,-42
4,5,-42
4,5,-42
4,5,-42
4,5,-42
4,5,-42
4,5,-42
4,5,-42
4,5,-42
4,5,-42
4,5,-42
4,5,-42
4,5,-42
4,5,-42
4,5,-42
4,5,-42
4,5,-42
4,5,-42
4,5,-42
4,5,-42
4,5,-42
4,5,-42
4,5,-42
4,5,-42
4,5,-42
4,5,-42
4,5,-42
4,5,-42
4,5,-42
4,5,-42
4,5,-42
4,5,-42
4,5,-42
4,5,-42
4,5,-42
4,5,-42
4,5,-42
4,5,-42
4,5,-42
4,5,-42
4,5,-42
4,5,-42
4,5,-42
4,5,-42
4,5,-42
4,5,-42
4,5,-42
4,5,-42
4,5,-42
4,5,-42
4,5,-42
4,5,-42
4,5,-42
4,5,-42
4,5,-42
4,5,-42
4,5,-42
4,5,-42
4,5,-42
4,5,-42
4,5,-42
4,5,-42
4,5,-42
4,5,-42
4,5,-42
4,5,-42
4,5,-42
4,5,-42
4,5,-42
4,5,-42
4,5,-42
4,5,-42
4,5,-42
4,5,-42
4,5,-42
4,5,-42
4,5,-42
4,5,-42
4,5,-42
4,5,-42
4,5,-42
4,5,-42
4,5,-42
4,5,-42
4,5,-42
4,5,-42
4,5,-42
4,5,-42
4,5,-42
4,5,-42
4,5,-42
4,5,-42
4,5,-42
4,5,-42
4,5,-42
4,5,-42
4,5,-42
4,5,-42
4,5,-42
4,5,-42
4,5,-42
4,5,-42
4,5,-42
4,5,-42
4,5,-42
4,5,-42
4,5,-42
4,5,-42
4,5,-42
4,5,-42
4,5,-42
4,5,-42
4,5,-42
4,5,-42
4,5,-42
4,5,-42
4,5,-42
4,5,-42
4,5,-42
4,5,-42
4,5,-42
4,5,-42
4,5,-42
4,5,-42
4,5,-42
4,5,-42
4,5,-42
4,5,-42
4,5,-42
4,5,-42
4,5,-42
4,5,-42
4,5,-42
4,5,-42
4,5,-42
4,5,-42
4,5,-42
4,5,-42
4,5,-42
4,5,-42
4,5,-42
6,5,-57
6,5,-57
6,5,-57
6,5,-56
6,5,-56
6,5,-57
6,5,-57
6,5,-57
6,5,-56
6,5,-57
6,5,-57
6,5,-57
6,5,-57
6,5,-57
6,5,-57
6,5,-56
6,5,-56
6,5,-56
6,5,-56
6,5,-57
6,5,-57
6,5,-57
6,5,-56
6,5,-57
6,5,-57
6,5,-57
6,5,-56
6,5,-57
6,5,-57
6,5,-57
6,5,-57
6,5,-57
6,5,-57
6,5,-58
6,5,-58
6,5,-57
6,5,-57
6,5,-57
6,5,-57
6,5,-57
6,5,-58
6,5,-57
6,5,-58
6,5,-58
6,5,-57
6,5,-58
6,5,-57
6,5,-57
6,5,-57
6,5,-57
6,5,-58
6,5,-58
6,5,-57
6,5,-57
6,5,-57
6,5,-57
6,5,-57
6,5,-57
6,5,-56
6,5,-58
6,5,-57
6,5,-57
6,5,-56
6,5,-56
6,5,-57
6,5,-57
6,5,-57
6,5,-57
6,5,-57
6,5,-57
6,5,-57
6,5,-57
6,5,-56
6,5,-56
6,5,-57
6,5,-58
6,5,-56
6,5,-57
6,5,-56
6,5,-57
6,5,-57
6,5,-57
6,5,-57
6,5,-57
6,5,-57
6,5,-57
6,5,-57
6,5,-57
6,5,-57
6,5,-57
6,5,-57
6,5,-56
6,5,-57
6,5,-57
6,5,-57
6,5,-57
6,5,-57
6,5,-57
6,5,-57
6,5,-58
6,5,-57
6,5,-57
6,5,-58
6,5,-57
6,5,-57
6,5,-57
6,5,-57
6,5,-57
6,5,-57
6,5,-57
6,5,-57
6,5,-57
6,5,-57
6,5,-56
6,5,-57
6,5,-57
6,5,-57
6,5,-57
6,5,-57
6,5,-57
6,5,-57
6,5,-57
6,5,-58
6,5,-57
6,5,-57
6,5,-57
6,5,-57
6,5,-57
6,5,-58
6,5,-56
6,5,-57
6,5,-57
6,5,-58
6,5,-57
6,5,-57
6,5,-57
6,5,-57
6,5,-57
6,5,-57
6,5,-57
6,5,-57
6,5,-57
6,5,-57
6,5,-57
6,5,-57
6,5,-57
6,5,-57
6,5,-56
6,5,-57
6,5,-57
6,5,-57
6,5,-56
6,5,-57
6,5,-57
6,5,-57
6,5,-57
6,5,-57
6,5,-57
6,5,-56
6,5,-57
6,5,-57
6,5,-57
6,5,-57
6,5,-57
6,5,-57
6,5,-57
6,5,-57
6,5,-58
6,5,-57
6,5,-57
6,5,-57
6,5,-57
6,5,-57
6,5,-57
6,5,-57
6,5,-57
6,5,-57
6,5,-57
6,5,-57
6,5,-57
6,5,-57
6,5,-57
6,5,-57
6,5,-58
6,5,-56
6,5,-57
6,5,-57
6,5,-57
6,5,-56
6,5,-57
6,5,-57
6,5,-57
6,5,-57
6,5,-57
6,5,-57
6,5,-57
6,5,-57
6,5,-57
6,5,-57
6,5,-57
6,5,-57
6,5,-57
6,5,-57
6,5,-57
6,5,-57
6,5,-57
6,5,-57
6,5,-57
6,5,-58
6,5,-57
6,5,-57
6,5,-57
6,5,-57
6,5,-57
6,5,-57
6,5,-58
6,5,-57
6,5,-57
6,5,-57
7,5,-65
7,5,-66
7,5,-66
7,5,-66
7,5,-66
7,5,-66
7,5,-66
7,5,-66
7,5,-66
7,5,-66
7,5,-66
7,5,-66
7,5,-66
7,5,-66
7,5,-66
7,5,-66
7,5,-66
7,5,-65
7,5,-66
7,5,-65
7,5,-66
7,5,-66
7,5,-66
7,5,-66
7,5,-66
7,5,-66
7,5,-66
7,5,-66
7,5,-66
7,5,-66
7,5,-65
7,5,-67
7,5,-66
7,5,-66
7,5,-67
7,5,-67
7,5,-66
7,5,-66
7,5,-66
7,5,-66
7,5,-66
7,5,-66
7,5,-66
7,5,-66
7,5,-66
7,5,-66
7,5,-66
7,5,-66
7,5,-66
7,5,-67
7,5,-66
7,5,-67
7,5,-67
7,5,-67
7,5,-67
7,5,-67
7,5,-67
7,5,-66
7,5,-67
7,5,-67
7,5,-67
7,5,-67
7,5,-67
7,5,-67
7,5,-67
7,5,-66
7,5,-67
7,5,-67
7,5,-67
7,5,-67
7,5,-67
7,5,-66
7,5,-66
7,5,-66
7,5,-66
7,5,-66
7,5,-66
7,5,-66
7,5,-67
7,5,-66
7,5,-66
7,5,-66
7,5,-66
7,5,-66
7,5,-65
7,5,-66
7,5,-66
7,5,-66
7,5,-66
7,5,-66
7,5,-67
7,5,-67
7,5,-66
7,5,-66
7,5,-66
7,5,-67
7,5,-67
7,5,-66
7,5,-67
7,5,-67
7,5,-66
7,5,-66
7,5,-67
7,5,-67
7,5,-67
7,5,-67
7,5,-67
7,5,-67
7,5,-66
7,5,-66
7,5,-66
7,5,-67
7,5,-66
7,5,-66
7,5,-66
7,5,-66
7,5,-66
7,5,-67
7,5,-67
7,5,-67
7,5,-67
7,5,-66
7,5,-66
7,5,-66
7,5,-65
7,5,-66
7,5,-66
7,5,-66
7,5,-67
7,5,-66
7,5,-66
7,5,-66
7,5,-66
7,5,-66
7,5,-66
7,5,-66
7,5,-66
7,5,-66
7,5,-66
7,5,-66
7,5,-66
7,5,-66
7,5,-65
7,5,-65
7,5,-65
7,5,-65
7,5,-65
7,5,-65
7,5,-65
7,5,-65
7,5,-65
7,5,-65
7,5,-65
7,5,-65
7,5,-66
7,5,-66
7,5,-66
7,5,-66
7,5,-66
7,5,-66
7,5,-66
7,5,-66
7,5,-66
7,5,-67
7,5,-66
7,5,-66
7,5,-66
7,5,-66
7,5,-66
7,5,-66
7,5,-66
7,5,-66
7,5,-66
7,5,-67
7,5,-66
7,5,-66
7,5,-66
7,5,-67
7,5,-66
7,5,-66
7,5,-66
7,5,-66
7,5,-66
7,5,-66
7,5,-67
7,5,-66
7,5,-66
7,5,-66
7,5,-66
7,5,-66
7,5,-66
7,5,-65
7,5,-66
7,5,-65
7,5,-65
7,5,-65
7,5,-66
7,5,-66
7,5,-66
7,5,-66
7,5,-66
7,5,-66
7,5,-65
7,5,-67
7,5,-65
7,5,-64
7,5,-65
7,5,-65
7,5,-65
7,5,-66
7,5,-66
7,5,-65
7,5,-65
7,5,-65
7,5,-65
7,5,-65
7,5,-64
7,5,-64
7,5,-64
7,5,-64
7,5,-64
0,6,-84
0,6,-84
0,6,-83
0,6,-84
0,6,-85
0,6,-84
0,6,-84
0,6,-85
0,6,-83
0,6,-79
0,6,-76
0,6,-76
0,6,-76
0,6,-76
0,6,-76
0,6,-77
0,6,-76
0,6,-76
0,6,-76
0,6,-76
0,6,-76
0,6,-79
0,6,-78
0,6,-77
0,6,-78
0,6,-78
0,6,-78
0,6,-77
0,6,-78
0,6,-77
0,6,-78
0,6,-80
0,6,-76
0,6,-77
0,6,-77
0,6,-75
0,6,-76
0,6,-76
0,6,-76
0,6,-76
0,6,-77
0,6,-76
0,6,-76
0,6,-76
0,6,-76
0,6,-76
0,6,-76
0,6,-77
0,6,-76
0,6,-77
0,6,-77
0,6,-76
0,6,-76
0,6,-76
0,6,-76
0,6,-77
0,6,-76
0,6,-76
0,6,-76
0,6,-76
0,6,-76
0,6,-76
0,6,-76
0,6,-77
0,6,-76
0,6,-76
0,6,-77
0,6,-82
0,6,-82
0,6,-79
0,6,-79
0,6,-78
0,6,-78
0,6,-79
0,6,-77
0,6,-77
0,6,-77
0,6,-77
0,6,-77
0,6,-77
0,6,-77
0,6,-77
0,6,-77
0,6,-78
0,6,-78
0,6,-79
0,6,-90
0,6,-87
0,6,-84
0,6,-82
0,6,-83
0,6,-76
0,6,-76
0,6,-77
0,6,-77
0,6,-76
0,6,-76
0,6,-76
0,6,-78
0,6,-76
0,6,-77
0,6,-77
0,6,-76
0,6,-76
0,6,-76
0,6,-76
0,6,-76
0,6,-77
0,6,-77
0,6,-76
0,6,-77
0,6,-76
0,6,-77
0,6,-77
0,6,-76
0,6,-77
0,6,-77
0,6,-78
0,6,-77
0,6,-77
0,6,-77
0,6,-77
0,6,-77
0,6,-77
0,6,-76
0,6,-77
0,6,-77
0,6,-77
0,6,-78
0,6,-78
0,6,-77
0,6,-79
0,6,-78
0,6,-79
0,6,-78
0,6,-79
0,6,-80
0,6,-77
0,6,-77
0,6,-77
0,6,-78
0,6,-76
0,6,-76
0,6,-80
0,6,-79
0,6,-79
0,6,-79
0,6,-80
0,6,-80
0,6,-80
0,6,-80
0,6,-86
0,6,-80
0,6,-80
0,6,-78
0,6,-82
0,6,-79
0,6,-77
0,6,-76
0,6,-78
0,6,-77
0,6,-76
0,6,-76
0,6,-77
0,6,-76
0,6,-76
0,6,-76
0,6,-76
0,6,-76
0,6,-76
0,6,-76
0,6,-76
0,6,-80
0,6,-76
0,6,-77
0,6,-77
0,6,-77
0,6,-77
0,6,-76
0,6,-76
0,6,-75
0,6,-76
0,6,-76
0,6,-76
0,6,-76
0,6,-77
0,6,-77
0,6,-80
0,6,-81
0,6,-78
0,6,-80
0,6,-81
0,6,-79
0,6,-79
0,6,-79
0,6,-81
0,6,-80
0,6,-80
0,6,-78
0,6,-84
0,6,-84
0,6,-81
0,6,-80
0,6,-82
0,6,-82
0,6,-82
0,6,-76
0,6,-75
0,6,-76
0,6,-80
0,6,-79
0,6,-81
0,6,-80
0,6,-81
0,6,-79
0,6,-79
0,6,-81
0,6,-80
0,6,-82
0,6,-82
0,6,-84
0,6,-76
0,6,-78
0,6,-77
0,6,-76
2,6,-103
2,6,-102
2,6,-97
2,6,-97
2,6,-96
2,6,-97
2,6,-99
2,6,-96
2,6,-97
2,6,-98
2,6,-97
2,6,-97
2,6,-97
2,6,-98
2,6,-97
2,6,-98
2,6,-97
2,6,-94
2,6,-98
2,6,-97
2,6,-97
2,6,-98
2,6,-97
2,6,-98
2,6,-97
2,6,-98
2,6,-97
2,6,-97
2,6,-98
2,6,-97
2,6,-96
2,6,-101
2,6,-93
2,6,-94
2,6,-95
2,6,-96
2,6,-98
2,6,-83
2,6,-96
2,6,-100
2,6,-103
2,6,-100
2,6,-94
2,6,-97
2,6,-97
2,6,-97
2,6,-99
2,6,-99
2,6,-98
2,6,-96
2,6,-99
2,6,-96
2,6,-97
2,6,-98
2,6,-97
2,6,-97
2,6,-98
2,6,-97
2,6,-97
2,6,-98
2,6,-97
2,6,-97
2,6,-97
2,6,-98
2,6,-98
2,6,-98
2,6,-98
2,6,-98
2,6,-98
2,6,-98
2,6,-98
2,6,-98
2,6,-99
2,6,-99
2,6,-99
2,6,-98
2,6,-98
2,6,-98
2,6,-99
2,6,-99
2,6,-99
2,6,-99
2,6,-99
2,6,-99
2,6,-98
2,6,-97
2,6,-98
2,6,-99
2,6,-99
2,6,-99
2,6,-98
2,6,-99
2,6,-100
2,6,-99
2,6,-99
2,6,-99
2,6,-99
2,6,-97
2,6,-97
2,6,-98
2,6,-99
2,6,-98
2,6,-97
2,6,-98
2,6,-98
2,6,-98
2,6,-98
2,6,-99
2,6,-98
2,6,-99
2,6,-99
2,6,-100
2,6,-99
2,6,-99
2,6,-98
2,6,-99
2,6,-99
2,6,-99
2,6,-99
2,6,-99
2,6,-99
2,6,-98
2,6,-99
2,6,-98
2,6,-98
2,6,-98
2,6,-99
2,6,-99
2,6,-99
2,6,-99
2,6,-99
2,6,-98
2,6,-99
2,6,-99
2,6,-98
2,6,-98
2,6,-98
2,6,-98
2,6,-98
2,6,-98
2,6,-98
2,6,-98
2,6,-99
2,6,-99
2,6,-99
2,6,-97
2,6,-99
2,6,-98
2,6,-97
2,6,-98
2,6,-99
2,6,-98
2,6,-98
2,6,-100
2,6,-100
2,6,-99
2,6,-100
2,6,-100
2,6,-100
2,6,-100
2,6,-100
2,6,-100
2,6,-100
2,6,-99
2,6,-98
2,6,-100
2,6,-99
2,6,-99
2,6,-99
2,6,-99
2,6,-98
2,6,-100
2,6,-99
2,6,-99
2,6,-98
2,6,-99
2,6,-99
2,6,-99
2,6,-98
2,6,-99
2,6,-97
2,6,-98
2,6,-98
2,6,-98
2,6,-99
2,6,-98
2,6,-99
2,6,-98
2,6,-98
2,6,-98
2,6,-98
2,6,-98
2,6,-98
2,6,-98
2,6,-98
2,6,-99
2,6,-100
2,6,-97
2,6,-99
2,6,-99
2,6,-99
2,6,-100
2,6,-99
2,6,-97
2,6,-99
2,6,-99
2,6,-98
2,6,-98
2,6,-97
2,6,-98
2,6,-98
2,6,-98
2,6,-98
2,6,-98
2,6,-98
2,6,-99
2,6,-100
2,6,-100
2,6,-99
2,6,-99
4,6,-55
4,6,-55
4,6,-55
4,6,-55
4,6,-55
4,6,-55
4,6,-55
4,6,-55
4,6,-55
4,6,-56
4,6,-55
4,6,-56
4,6,-55
4,6,-55
4,6,-55
4,6,-55
4,6,-55
4,6,-55
4,6,-55
4,6,-56
4,6,-56
4,6,-55
4,6,-55
4,6,-55
4,6,-55
4,6,-55
4,6,-55
4,6,-55
4,6,-56
4,6,-56
4,6,-56
4,6,-56
4,6,-55
4,6,-55
4,6,-57
4,6,-56
4,6,-56
4,6,-55
4,6,-55
4,6,-55
4,6,-55
4,6,-56
4,6,-55
4,6,-55
4,6,-55
4,6,-55
4,6,-55
4,6,-55
4,6,-55
4,6,-55
4,6,-55
4,6,-55
4,6,-55
4,6,-55
4,6,-55
4,6,-56
4,6,-56
4,6,-56
4,6,-56
4,6,-55
4,6,-56
4,6,-55
4,6,-55
4,6,-55
4,6,-55
4,6,-55
4,6,-56
4,6,-56
4,6,-55
4,6,-56
4,6,-55
4,6,-55
4,6,-55
4,6,-55
4,6,-55
4,6,-55
4,6,-55
4,6,-55
4,6,-55
4,6,-55
4,6,-55
4,6,-55
4,6,-55
4,6,-55
4,6,-55
4,6,-55
4,6,-55
4,6,-55
4,6,-55
4,6,-55
4,6,-55
4,6,-55
4,6,-55
4,6,-55
4,6,-55
4,6,-55
4,6,-55
4,6,-56
4,6,-55
4,6,-55
4,6,-55
4,6,-55
4,6,-56
4,6,-56
4,6,-55
4,6,-56
4,6,-56
4,6,-56
4,6,-55
4,6,-56
4,6,-55
4,6,-55
4,6,-55
4,6,-55
4,6,-55
4,6,-55
4,6,-55
4,6,-55
4,6,-55
4,6,-55
4,6,-55
4,6,-55
4,6,-55
4,6,-55
4,6,-55
4,6,-55
4,6,-55
4,6,-55
4,6,-55
4,6,-55
4,6,-55
4,6,-55
4,6,-55
4,6,-55
4,6,-55
4,6,-55
4,6,-55
4,6,-56
4,6,-55
4,6,-56
4,6,-55
4,6,-56
4,6,-55
4,6,-55
4,6,-55
4,6,-55
4,6,-55
4,6,-56
4,6,-55
4,6,-55
4,6,-55
4,6,-55
4,6,-56
4,6,-55
4,6,-55
4,6,-55
4,6,-55
4,6,-55
4,6,-55
4,6,-55
4,6,-55
4,6,-55
4,6,-55
4,6,-55
4,6,-55
4,6,-55
4,6,-55
4,6,-55
4,6,-56
4,6,-55
4,6,-55
4,6,-55
4,6,-55
4,6,-55
4,6,-55
4,6,-55
4,6,-55
4,6,-55
4,6,-55
4,6,-55
4,6,-55
4,6,-55
4,6,-55
4,6,-54
4,6,-55
4,6,-55
4,6,-56
4,6,-56
4,6,-56
4,6,-55
4,6,-56
4,6,-55
4,6,-55
4,6,-55
4,6,-55
4,6,-55
4,6,-54
4,6,-55
4,6,-55
4,6,-56
4,6,-56
4,6,-55
4,6,-56
4,6,-56
4,6,-56
4,6,-55
4,6,-56
4,6,-56
4,6,-55
4,6,-56
4,6,-55
4,6,-56
4,6,-56
4,6,-56
4,6,-56
4,6,-56
4,6,-56
4,6,-55
4,6,-55
4,6,-56
4,6,-56
5,6,-61
5,6,-60
5,6,-60
5,6,-61
5,6,-61
5,6,-61
5,6,-61
5,6,-61
5,6,-60
5,6,-61
5,6,-61
5,6,-60
5,6,-60
5,6,-60
5,6,-60
5,6,-60
5,6,-60
5,6,-60
5,6,-60
5,6,-60
5,6,-60
5,6,-60
5,6,-60
5,6,-60
5,6,-60
5,6,-60
5,6,-61
5,6,-60
5,6,-60
5,6,-61
5,6,-61
5,6,-62
5,6,-61
5,6,-62
5,6,-61
5,6,-61
5,6,-61
5,6,-61
5,6,-61
5,6,-61
5,6,-61
5,6,-61
5,6,-61
5,6,-61
5,6,-61
5,6,-61
5,6,-61
5,6,-61
5,6,-61
5,6,-61
5,6,-61
5,6,-61
5,6,-61
5,6,-61
5,6,-61
5,6,-61
5,6,-61
5,6,-61
5,6,-61
5,6,-61
5,6,-61
5,6,-61
5,6,-61
5,6,-61
5,6,-60
5,6,-61
5,6,-61
5,6,-61
5,6,-61
5,6,-61
5,6,-61
5,6,-61
5,6,-61
5,6,-61
5,6,-61
5,6,-61
5,6,-61
5,6,-61
5,6,-61
5,6,-61
5,6,-61
5,6,-61
5,6,-61
5,6,-61
5,6,-61
5,6,-61
5,6,-61
5,6,-61
5,6,-61
5,6,-61
5,6,-61
5,6,-61
5,6,-61
5,6,-60
5,6,-61
5,6,-61
5,6,-61
5,6,-61
5,6,-61
5,6,-61
5,6,-61
5,6,-61
5,6,-61
5,6,-61
5,6,-61
5,6,-61
5,6,-61
5,6,-61
5,6,-61
5,6,-61
5,6,-61
5,6,-61
5,6,-61
5,6,-61
5,6,-61
5,6,-61
5,6,-61
5,6,-61
5,6,-61
5,6,-61
5,6,-61
5,6,-61
5,6,-61
5,6,-61
5,6,-61
5,6,-61
5,6,-61
5,6,-61
5,6,-61
5,6,-61
5,6,-61
5,6,-61
5,6,-61
5,6,-61
5,6,-61
5,6,-61
5,6,-61
5,6,-61
5,6,-61
5,6,-61
5,6,-61
5,6,-61
5,6,-61
5,6,-61
5,6,-61
5,6,-61
5,6,-61
5,6,-61
5,6,-61
5,6,-61
5,6,-61
5,6,-61
5,6,-61
5,6,-61
5,6,-61
5,6,-61
5,6,-61
5,6,-61
5,6,-61
5,6,-61
5,6,-61
5,6,-61
5,6,-61
5,6,-61
5,6,-61
5,6,-61
5,6,-61
5,6,-61
5,6,-61
5,6,-61
5,6,-61
5,6,-61
5,6,-61
5,6,-61
5,6,-61
5,6,-61
5,6,-61
5,6,-61
5,6,-61
5,6,-61
5,6,-61
5,6,-61
5,6,-61
5,6,-61
5,6,-61
5,6,-61
5,6,-61
5,6,-61
5,6,-61
5,6,-61
5,6,-61
5,6,-61
5,6,-61
5,6,-61
5,6,-62
5,6,-61
5,6,-60
5,6,-62
5,6,-61
5,6,-61
5,6,-61
5,6,-62
5,6,-61
5,6,-61
5,6,-61
5,6,-61
5,6,-61
5,6,-62
5,6,-61
5,6,-61
5,6,-61
5,6,-61
7,6,-57
7,6,-57
7,6,-56
7,6,-56
7,6,-57
7,6,-57
7,6,-57
7,6,-56
7,6,-58
7,6,-57
7,6,-57
7,6,-57
7,6,-56
7,6,-57
7,6,-58
7,6,-57
7,6,-57
7,6,-58
7,6,-58
7,6,-57
7,6,-57
7,6,-57
7,6,-57
7,6,-57
7,6,-57
7,6,-57
7,6,-57
7,6,-57
7,6,-57
7,6,-57
7,6,-57
7,6,-57
7,6,-58
7,6,-58
7,6,-56
7,6,-57
7,6,-58
7,6,-56
7,6,-57
7,6,-57
7,6,-57
7,6,-57
7,6,-57
7,6,-57
7,6,-57
7,6,-57
7,6,-57
7,6,-56
7,6,-57
7,6,-58
7,6,-57
7,6,-56
7,6,-58
7,6,-57
7,6,-56
7,6,-56
7,6,-57
7,6,-56
7,6,-57
7,6,-56
7,6,-56
7,6,-57
7,6,-57
7,6,-56
7,6,-56
7,6,-57
7,6,-57
7,6,-57
7,6,-56
7,6,-56
7,6,-58
7,6,-57
7,6,-57
7,6,-56
7,6,-56
7,6,-57
7,6,-56
7,6,-57
7,6,-56
7,6,-56
7,6,-57
7,6,-57
7,6,-58
7,6,-57
7,6,-57
7,6,-57
7,6,-57
7,6,-57
7,6,-57
7,6,-56
7,6,-56
7,6,-57
7,6,-57
7,6,-56
7,6,-56
7,6,-57
7,6,-56
7,6,-56
7,6,-57
7,6,-57
7,6,-57
7,6,-57
7,6,-57
7,6,-57
7,6,-56
7,6,-57
7,6,-58
7,6,-56
7,6,-56
7,6,-56
7,6,-58
7,6,-56
7,6,-57
7,6,-58
7,6,-56
7,6,-58
7,6,-57
7,6,-58
7,6,-57
7,6,-58
7,6,-58
7,6,-58
7,6,-56
7,6,-56
7,6,-56
7,6,-57
7,6,-56
7,6,-56
7,6,-58
7,6,-58
7,6,-56
7,6,-56
7,6,-56
7,6,-56
7,6,-56
7,6,-56
7,6,-58
7,6,-56
7,6,-58
7,6,-57
7,6,-57
7,6,-56
7,6,-57
7,6,-57
7,6,-56
7,6,-56
7,6,-57
7,6,-56
7,6,-56
7,6,-56
7,6,-56
7,6,-58
7,6,-57
7,6,-56
7,6,-58
7,6,-56
7,6,-56
7,6,-56
7,6,-58
7,6,-58
7,6,-56
7,6,-56
7,6,-56
7,6,-58
7,6,-57
7,6,-58
7,6,-56
7,6,-58
7,6,-58
7,6,-57
7,6,-57
7,6,-56
7,6,-56
7,6,-57
7,6,-57
7,6,-57
7,6,-57
7,6,-57
7,6,-57
7,6,-56
7,6,-56
7,6,-57
7,6,-57
7,6,-56
7,6,-57
7,6,-56
7,6,-57
7,6,-57
7,6,-57
7,6,-57
7,6,-58
7,6,-56
7,6,-57
7,6,-57
7,6,-56
7,6,-57
7,6,-58
7,6,-56
7,6,-56
7,6,-57
7,6,-57
7,6,-56
7,6,-56
7,6,-58
7,6,-56
7,6,-56
7,6,-57
7,6,-58
7,6,-57
7,6,-57
7,6,-58
7,6,-56
7,6,-58
7,6,-56
7,6,-58
7,6,-58
7,6,-56
7,6,-58
7,6,-56
7,6,-58
7,6,-58
7,6,-56
7,6,-58
0,7,-74
0,7,-76
0,7,-77
0,7,-75
0,7,-76
0,7,-76
0,7,-76
0,7,-76
0,7,-76
0,7,-77
0,7,-78
0,7,-80
0,7,-81
0,7,-79
0,7,-80
0,7,-80
0,7,-82
0,7,-81
0,7,-81
0,7,-81
0,7,-82
0,7,-80
0,7,-80
0,7,-81
0,7,-80
0,7,-77
0,7,-77
0,7,-78
0,7,-76
0,7,-76
0,7,-80
0,7,-79
0,7,-79
0,7,-76
0,7,-77
0,7,-78
0,7,-76
0,7,-76
0,7,-76
0,7,-76
0,7,-76
0,7,-77
0,7,-76
0,7,-77
0,7,-76
0,7,-76
0,7,-76
0,7,-77
0,7,-75
0,7,-75
0,7,-76
0,7,-75
0,7,-77
0,7,-75
0,7,-77
0,7,-77
0,7,-77
0,7,-77
0,7,-77
0,7,-78
0,7,-78
0,7,-77
0,7,-79
0,7,-79
0,7,-78
0,7,-78
0,7,-78
0,7,-81
0,7,-80
0,7,-79
0,7,-79
0,7,-79
0,7,-78
0,7,-77
0,7,-77
0,7,-78
0,7,-79
0,7,-78
0,7,-79
0,7,-79
0,7,-76
0,7,-76
0,7,-74
0,7,-76
0,7,-79
0,7,-79
0,7,-79
0,7,-80
0,7,-79
0,7,-80
0,7,-80
0,7,-78
0,7,-79
0,7,-78
0,7,-78
0,7,-78
0,7,-77
0,7,-78
0,7,-79
0,7,-78
0,7,-80
0,7,-79
0,7,-79
0,7,-78
0,7,-80
0,7,-78
0,7,-78
0,7,-78
0,7,-79
0,7,-78
0,7,-79
0,7,-76
0,7,-79
0,7,-80
0,7,-80
0,7,-77
0,7,-81
0,7,-78
0,7,-78
0,7,-78
0,7,-77
0,7,-77
0,7,-76
0,7,-78
0,7,-77
0,7,-78
0,7,-77
0,7,-76
0,7,-77
0,7,-76
0,7,-77
0,7,-76
0,7,-78
0,7,-76
0,7,-78
0,7,-76
0,7,-77
0,7,-76
0,7,-76
0,7,-76
0,7,-77
0,7,-76
0,7,-77
0,7,-76
0,7,-76
0,7,-77
0,7,-76
0,7,-77
0,7,-76
0,7,-76
0,7,-75
0,7,-75
0,7,-76
0,7,-76
0,7,-77
0,7,-76
0,7,-76
0,7,-77
0,7,-76
0,7,-76
0,7,-76
0,7,-77
0,7,-76
0,7,-76
0,7,-76
0,7,-76
0,7,-74
0,7,-75
0,7,-76
0,7,-74
0,7,-75
0,7,-74
0,7,-74
0,7,-74
0,7,-77
0,7,-76
0,7,-74
0,7,-74
0,7,-74
0,7,-74
0,7,-73
0,7,-73
0,7,-74
0,7,-74
0,7,-74
0,7,-73
0,7,-74
0,7,-74
0,7,-75
0,7,-75
0,7,-75
0,7,-76
0,7,-77
0,7,-77
0,7,-77
0,7,-76
0,7,-76
0,7,-76
0,7,-77
0,7,-76
2,7,-82
2,7,-82
2,7,-82
2,7,-82
2,7,-83
2,7,-83
2,7,-82
2,7,-84
2,7,-84
2,7,-84
2,7,-82
2,7,-82
2,7,-82
2,7,-83
2,7,-83
2,7,-82
2,7,-82
2,7,-83
2,7,-83
2,7,-83
2,7,-82
2,7,-82
2,7,-83
2,7,-83
2,7,-82
2,7,-82
2,7,-82
2,7,-82
2,7,-82
2,7,-82
2,7,-82
2,7,-82
2,7,-82
2,7,-83
2,7,-83
2,7,-82
2,7,-83
2,7,-83
2,7,-83
2,7,-83
2,7,-82
2,7,-83
2,7,-83
2,7,-83
2,7,-85
2,7,-84
2,7,-87
2,7,-81
2,7,-82
2,7,-83
2,7,-83
2,7,-83
2,7,-82
2,7,-83
2,7,-82
2,7,-82
2,7,-82
2,7,-83
2,7,-83
2,7,-83
2,7,-82
2,7,-82
2,7,-83
2,7,-83
2,7,-83
2,7,-83
2,7,-83
2,7,-83
2,7,-83
2,7,-83
2,7,-83
2,7,-83
2,7,-83
2,7,-83
2,7,-83
2,7,-83
2,7,-83
2,7,-82
2,7,-83
2,7,-83
2,7,-83
2,7,-83
2,7,-83
2,7,-83
2,7,-83
2,7,-82
2,7,-83
2,7,-83
2,7,-83
2,7,-83
2,7,-83
2,7,-83
2,7,-83
2,7,-82
2,7,-82
2,7,-83
2,7,-83
2,7,-83
2,7,-83
2,7,-83
2,7,-83
2,7,-82
2,7,-83
2,7,-83
2,7,-82
2,7,-83
2,7,-82
2,7,-82
2,7,-83
2,7,-83
2,7,-82
2,7,-83
2,7,-83
2,7,-82
2,7,-83
2,7,-83
2,7,-82
2,7,-83
2,7,-83
2,7,-83
2,7,-82
2,7,-83
2,7,-82
2,7,-83
2,7,-84
2,7,-81
2,7,-88
2,7,-80
2,7,-83
2,7,-83
2,7,-82
2,7,-83
2,7,-83
2,7,-83
2,7,-83
2,7,-83
2,7,-83
2,7,-82
2,7,-83
2,7,-83
2,7,-83
2,7,-83
2,7,-83
2,7,-83
2,7,-83
2,7,-83
2,7,-83
2,7,-83
2,7,-83
2,7,-83
2,7,-83
2,7,-83
2,7,-83
2,7,-83
2,7,-83
2,7,-83
2,7,-83
2,7,-83
2,7,-83
2,7,-83
2,7,-83
2,7,-83
2,7,-83
2,7,-83
2,7,-83
4,7,-54
4,7,-54
4,7,-54
4,7,-54
4,7,-54
4,7,-54
4,7,-54
4,7,-54
4,7,-54
4,7,-53
4,7,-55
4,7,-53
4,7,-54
4,7,-54
4,7,-54
4,7,-54
4,7,-54
4,7,-54
4,7,-54
4,7,-54
4,7,-53
4,7,-53
4,7,-53
4,7,-54
4,7,-53
4,7,-54
4,7,-54
4,7,-54
4,7,-54
4,7,-54
4,7,-54
4,7,-54
4,7,-54
4,7,-54
4,7,-54
4,7,-54
4,7,-53
4,7,-54
4,7,-53
4,7,-53
4,7,-53
4,7,-53
4,7,-53
4,7,-54
4,7,-54
4,7,-54
4,7,-54
4,7,-54
4,7,-53
4,7,-53
4,7,-54
4,7,-54
4,7,-54
4,7,-54
4,7,-53
4,7,-53
4,7,-54
4,7,-53
4,7,-53
4,7,-54
4,7,-54
4,7,-54
4,7,-54
4,7,-53
4,7,-54
4,7,-54
4,7,-54
4,7,-54
4,7,-53
4,7,-54
4,7,-54
4,7,-54
4,7,-53
4,7,-54
4,7,-53
4,7,-54
4,7,-54
4,7,-54
4,7,-54
4,7,-54
4,7,-54
4,7,-54
4,7,-54
4,7,-54
4,7,-54
4,7,-53
4,7,-54
4,7,-54
4,7,-54
4,7,-54
4,7,-54
4,7,-54
4,7,-54
4,7,-54
4,7,-54
4,7,-54
4,7,-54
4,7,-54
4,7,-54
4,7,-54
4,7,-54
4,7,-54
4,7,-54
4,7,-54
4,7,-54
4,7,-53
4,7,-53
4,7,-54
4,7,-54
4,7,-54
4,7,-54
4,7,-54
4,7,-54
4,7,-54
4,7,-54
4,7,-54
4,7,-54
4,7,-54
4,7,-54
4,7,-54
4,7,-54
4,7,-54
4,7,-54
4,7,-53
4,7,-53
4,7,-53
4,7,-53
4,7,-53
4,7,-53
4,7,-53
4,7,-53
4,7,-54
4,7,-53
4,7,-53
4,7,-53
4,7,-53
4,7,-53
4,7,-53
4,7,-53
4,7,-53
4,7,-53
4,7,-53
4,7,-53
4,7,-54
4,7,-54
4,7,-53
4,7,-53
4,7,-54
4,7,-53
4,7,-53
4,7,-53
4,7,-53
4,7,-54
4,7,-53
4,7,-53
4,7,-54
4,7,-54
4,7,-53
4,7,-54
4,7,-55
4,7,-54
4,7,-54
4,7,-54
4,7,-54
4,7,-54
4,7,-54
4,7,-54
4,7,-54
4,7,-54
4,7,-54
4,7,-54
4,7,-54
4,7,-54
4,7,-55
4,7,-54
4,7,-54
4,7,-54
4,7,-54
4,7,-54
4,7,-55
4,7,-54
4,7,-54
4,7,-54
5,7,-67
5,7,-66
5,7,-67
5,7,-67
5,7,-67
5,7,-67
5,7,-67
5,7,-67
5,7,-67
5,7,-67
5,7,-67
5,7,-65
5,7,-67
5,7,-67
5,7,-67
5,7,-67
5,7,-67
5,7,-68
5,7,-68
5,7,-65
5,7,-68
5,7,-67
5,7,-68
5,7,-68
5,7,-67
5,7,-68
5,7,-67
5,7,-68
5,7,-68
5,7,-68
5,7,-68
5,7,-67
5,7,-68
5,7,-68
5,7,-68
5,7,-67
5,7,-67
5,7,-67
5,7,-67
5,7,-68
5,7,-67
5,7,-67
5,7,-67
5,7,-67
5,7,-67
5,7,-67
5,7,-67
5,7,-67
5,7,-67
5,7,-67
5,7,-67
5,7,-67
5,7,-67
5,7,-67
5,7,-67
5,7,-67
5,7,-67
5,7,-67
5,7,-67
5,7,-67
5,7,-67
5,7,-67
5,7,-67
5,7,-67
5,7,-67
5,7,-67
5,7,-67
5,7,-67
5,7,-68
5,7,-67
5,7,-65
5,7,-68
5,7,-67
5,7,-68
5,7,-67
5,7,-67
5,7,-67
5,7,-67
5,7,-65
5,7,-67
5,7,-68
5,7,-65
5,7,-67
5,7,-67
5,7,-67
5,7,-68
5,7,-67
5,7,-67
5,7,-67
5,7,-67
5,7,-67
5,7,-67
5,7,-68
5,7,-67
5,7,-68
5,7,-67
5,7,-67
5,7,-67
5,7,-67
5,7,-67
5,7,-67
5,7,-67
5,7,-67
5,7,-67
5,7,-67
5,7,-67
5,7,-67
5,7,-67
5,7,-67
5,7,-67
5,7,-67
5,7,-67
5,7,-67
5,7,-67
5,7,-67
5,7,-67
5,7,-67
5,7,-66
5,7,-66
5,7,-66
5,7,-67
5,7,-66
5,7,-66
5,7,-67
5,7,-67
5,7,-67
5,7,-67
5,7,-67
5,7,-67
5,7,-67
5,7,-67
5,7,-67
5,7,-67
5,7,-67
5,7,-67
5,7,-67
5,7,-67
5,7,-67
5,7,-66
5,7,-67
5,7,-67
5,7,-67
5,7,-67
5,7,-67
5,7,-67
5,7,-67
5,7,-67
5,7,-67
5,7,-67
5,7,-67
5,7,-67
5,7,-67
5,7,-67
5,7,-66
5,7,-66
5,7,-67
5,7,-66
5,7,-67
5,7,-67
5,7,-67
5,7,-66
5,7,-67
5,7,-67
5,7,-66
5,7,-67
5,7,-66
5,7,-66
5,7,-65
5,7,-66
5,7,-66
5,7,-66
5,7,-66
5,7,-66
5,7,-66
5,7,-66
5,7,-66
5,7,-67
5,7,-66
5,7,-65
5,7,-66
5,7,-66
5,7,-66
5,7,-66
5,7,-65
5,7,-65
5,7,-66
5,7,-65
5,7,-65
6,7,-56
6,7,-57
6,7,-57
6,7,-56
6,7,-56
6,7,-57
6,7,-57
6,7,-57
6,7,-57
6,7,-57
6,7,-56
6,7,-57
6,7,-57
6,7,-57
6,7,-57
6,7,-57
6,7,-57
6,7,-57
6,7,-57
6,7,-57
6,7,-57
6,7,-56
6,7,-56
6,7,-57
6,7,-57
6,7,-57
6,7,-56
6,7,-57
6,7,-56
6,7,-57
6,7,-57
6,7,-57
6,7,-57
6,7,-57
6,7,-57
6,7,-57
6,7,-57
6,7,-57
6,7,-57
6,7,-57
6,7,-57
6,7,-57
6,7,-57
6,7,-57
6,7,-56
6,7,-57
6,7,-57
6,7,-57
6,7,-56
6,7,-57
6,7,-56
6,7,-57
6,7,-57
6,7,-56
6,7,-57
6,7,-56
6,7,-57
6,7,-57
6,7,-57
6,7,-57
6,7,-56
6,7,-57
6,7,-57
6,7,-57
6,7,-57
6,7,-57
6,7,-57
6,7,-57
6,7,-57
6,7,-57
6,7,-57
6,7,-57
6,7,-57
6,7,-57
6,7,-57
6,7,-57
6,7,-57
6,7,-57
6,7,-56
6,7,-57
6,7,-57
6,7,-56
6,7,-56
6,7,-57
6,7,-56
6,7,-56
6,7,-56
6,7,-56
6,7,-57
6,7,-56
6,7,-56
6,7,-56
6,7,-56
6,7,-56
6,7,-56
6,7,-56
6,7,-56
6,7,-56
6,7,-56
6,7,-56
6,7,-56
6,7,-56
6,7,-56
6,7,-56
6,7,-56
6,7,-56
6,7,-56
6,7,-56
6,7,-56
6,7,-56
6,7,-56
6,7,-57
6,7,-56
6,7,-56
6,7,-57
6,7,-57
6,7,-57
6,7,-57
6,7,-57
6,7,-57
6,7,-57
6,7,-57
6,7,-56
6,7,-56
6,7,-56
6,7,-56
6,7,-56
6,7,-56
6,7,-56
6,7,-56
6,7,-56
6,7,-56
6,7,-56
6,7,-56
6,7,-56
6,7,-56
6,7,-56
6,7,-56
6,7,-56
6,7,-56
6,7,-57
6,7,-57
6,7,-56
6,7,-57
6,7,-57
6,7,-57
6,7,-57
6,7,-57
6,7,-57
6,7,-57
6,7,-57
6,7,-56
6,7,-57
6,7,-57
6,7,-57
6,7,-57
6,7,-57
6,7,-56
6,7,-57
6,7,-57
6,7,-57
6,7,-57
6,7,-57
6,7,-56
6,7,-56
6,7,-56
6,7,-56
6,7,-57
6,7,-56
6,7,-56
6,7,-56
6,7,-56
6,7,-56
6,7,-56
6,7,-56
6,7,-56
6,7,-56
6,7,-56
6,7,-56
6,7,-56
6,7,-56
6,7,-56
6,7,-55
6,7,-56
6,7,-56
6,7,-56
6,7,-56
6,7,-56
6,7,-56
6,7,-56
6,7,-56
6,7,-56
6,7,-56
